ID,smiles,label
A1,C1CC2=CC(=C(C=C2CN(C1)C(=S)NCCC3=CC=C(C=C3)Cl)O)O,1
A2,CS(=O)CCCCN=C=S,1
A3,Cc1coc2c1C(=O)C(=O)c1c-2ccc2c1CCCC2(C)C,1
A4,C[C@H]1COC2=C1C(=O)C(=O)c1c2ccc2c1CCCC2(C)C,1
A5,COC(=O)[C@@]1(C)CCCc2c1ccc1c2C(=O)C(=O)c2c(C)coc2-1,1
A6,Cc1coc2c1C(=O)C(=O)c1c-2ccc2c1CCCC2(C)CO,1
A7,Cc1cccc2c3c(ccc12)C1=C(C(=O)C3=O)[C@@H](C)CO1,1
A8,Cc1coc2c1C(=O)C(=O)c1c-2ccc2c(C)cccc12,1
A9,CC(C)C1=Cc2ccc3c(c2C(=O)C1=O)CCCC3(C)C,1
A10,O=C(O)c1ccc(S(=O)(=O)c2cc(Br)c(O)c(Br)c2)cc1,1
A11,O=C(Oc1ccc(S(=O)(=O)c2ccc(OC(=O)C(Cl)=C(Cl)Cl)cc2)cc1)C(Cl)=C(Cl)Cl,1
A12,CC(=O)c1ccccc1S(=O)(=O)c1ccccc1C(=O)O,1
A13,Oc1c(I)cc(I)c(O)c1I,1
A14,O=C(O[C@@H]1Cc2c(O)cc(O)cc2O[C@@H]1c1cc(O)c(O)c(O)c1)c1cc(O)c(O)c(O)c1,1
A15,O=c1cc(-c2ccccc2)oc2cc(O)c(O)c(O)c12,1
A16,O=C(c1cc(O)c(O)c(O)c1)c1ccc(O)c(O)c1O,1
A17,Oc1cc2c(cc1O)[C@@H]1c3ccc(O)c(O)c3OC[C@]1(O)C2,1
A18,O=C1C=Cc2cc(Br)ccc2C1=O,1
A19,O=C1c2c(O)cc(O)cc2O[C@H](c2cc(O)c(O)c(O)c2)[C@H]1O,1
A20,O=C1C=CC(=O)C2=C1C1c3ccccc3C2c2ccccc21,1
A21,CCOC(=O)Cc1ccc(-c2ccccc2)cc1,1
A22,O=C(O)CCCCCCCCCCCCCCc1ccc(I)cc1,1
A23,Oc1ccc2ccccc2c1SSc1c(O)ccc2ccccc12,1
A24,O=c1c(O)c(-c2cc(O)c(O)c(O)c2)oc2cc(O)cc(O)c12,1
A25,CC(Cc1ccc(O)c(O)c1)C(C)Cc1ccc(O)c(O)c1,1
A26,O=c1cc(-c2ccc(O)cc2)oc2cc(O)cc(O)c12,1
A27,O=C(/C=C/c1ccc(O)c(O)c1)O[C@H](Cc1ccc(O)c(O)c1)C(=O)O,1
A28,CC1=CC=C(C=C1)/C=C/C(=O)C2=C(C=CC(=C2)Br)OC(=O)C3=CC=CO3,1
A29,COC1=CC=CC=C1/C=C/C(=O)C2=C(C=CC(=C2)Br)OC(=O)C3=CC=CO3,1
A30,C1=CC=C(C(=C1)/C=C/C(=O)C2=C(C=CC(=C2)Br)OC(=O)C3=CC=CO3)F,1
A31,C1=CSC(=C1)C(=O)OC2=CC3=C(C=C2)C=CC(=O)O3,1
A32,CCCC(=O)OC1=CC2=C(C=C1)C(=CC(=O)O2)C,1
A33,CC1=CC(=O)OC2=C1C=CC(=C2)OC(=O)C3=CC=CO3,1
A34,CCC1=CC(=O)OC2=C1C=CC(=C2)OC(=O)C3=CC=CO3,1
A35,C1=CC(=C(C=C1Cl)CC2=C(C=CC(=C2)Cl)O)O,1
A36,CCCCCC1=C(C(=CC2=C1OC3=CC(=CC(=C3C(=O)O2)C(=O)CCCC)OC)O)C(=O)O,1
A37,C1=CC=C(C=C1)COC2=CC=CC(=C2)/C=C(/C3=CC=C(C=C3)F)\C(=O)O,1
A38,C1=CC=C(C=C1)C2=CC=C(C=C2)/C(=C/C3=CC=C(C=C3)F)/C(=O)O,1
A39,C1=CC(=CC=C1CCCC2=CC=C(O2)C(=O)O)OCCC3=CC=C(C=C3)F,1
A40,CC#C[C@@H](CC(=O)O)C1=CC=C(C=C1)OCC2=CC(=CC=C2)C3=CC=C(C=C3)C(F)(F)F,1
A41,CC[C@H]1/C=C(/[C@H](C/C=C/C=C(/C(=O)O[C@@H](C/C=C(/C=C(/[C@@H]1O[C@H]2[C@H]([C@H]([C@@H](C(O2)(C)C)OC(=O)C(C)C)O)O)\C)\C)[C@@H](C)O)\CO[C@H]3[C@H]([C@H]([C@@H]([C@H](O3)C)OC(=O)C4=C(C(=C(C(=C4O)Cl)O)Cl)CC)O)OC)O)\C,1
A42,C1=CC2=C(C(=C1)O[C@H]3[C@@H]([C@H]([C@@H]([C@H](O3)CO)O)O)O)C(=O)C4=C([C@@H]2[C@@H]5C6=C(C(=CC=C6)O[C@H]7[C@@H]([C@H]([C@@H]([C@H](O7)CO)O)O)O)C(=O)C8=C5C=C(C=C8O)C(=O)O)C=C(C=C4O)C(=O)O,1
A43,C[C@H]1CC[C@]2(C[C@@H]3C[C@H](O2)C/C=C(/[C@H]([C@H](/C=C/C=C/4\CO[C@H]5[C@@]4([C@@H](C=C(C5)C)C(=O)O3)O)C)O[C@@H]6C[C@@H]([C@@H]([C@@H](O6)C)O)OC)\C)O[C@@H]1C7CCCCC7,1
A44,CCCCCCCCCCCCCCCCC(C(=O)O)C(CC(=O)O)(C(=O)O)O,1
A45,C(C(CS(=O)(=O)O)S)S,1
A46,CCCCC(CC)CCC(CC(C)C)OS(=O)(=O)O,1
A47,CCCCCC=CCC=CCC=CCCCCC(=O)O,1
A48,C1=C2C(=C3C=C(C(=O)C(=C3OC2=C(C(=C1I)O)I)I)I)C4=C(C(=C(C(=C4Cl)Cl)Cl)Cl)C(=O)O,1
A49,CC(=CCOC1=CC=C(C=C1)/C=C/C(=O)C2=C(C=C(C=C2)OCC=C(C)C)OCC(=O)O)C,1
A50,C1=CC(=C(C=C1C2(C3=C(C(=C(C(=C3Br)Br)Br)Br)C(=O)O2)C4=CC(=C(C=C4)O)S(=O)(=O)O)S(=O)(=O)O)O,1
A51,CC(=O)O[Hg]C1=CC=CC=C1,1
A52,CC(=CCC/C(=C/CC/C(=C/CSC1=CC=CC=C1C(=O)O)/C)/C)C,1
A53,CC(=C)[C@@H]1CC[C@]2([C@H]1[C@H]3CC[C@@H]4[C@]5(CC[C@@H](C([C@@H]5CC[C@]4([C@@]3(CC2)C)C)(C)C)OC(=O)CC(C)(C)C(=O)O)C)C(=O)O,1
A54,CCCCCCCC1=CC=C(C=C1)CCC2=C(C(=CC=C2)O)C(=O)O,1
A55,CC1=C(C2=CC=CC=C2C(=C1)O)O,1
A56,C1=CC(=CC=C1C2=CC(=O)C3=C(O2)C(=C(C=C3O)O)C4=C(C=CC(=C4)C5=CC(=O)C6=C(C=C(C=C6O5)O)O)O)O,1
A57,C1=C(C=C(C(=C1O)O)O)C(=O)OC2=CC(=CC(=C2O)O)C(=O)OC[C@H]3[C@@H]([C@H]([C@@H]([C@H](O3)OC(=O)C4=CC(=C(C(=C4)OC(=O)C5=CC(=C(C(=C5)O)O)O)O)O)OC(=O)C6=CC(=C(C(=C6)OC(=O)C7=CC(=C(C(=C7)O)O)O)O)O)OC(=O)C8=CC(=C(C(=C8)OC(=O)C9=CC(=C(C(=C9)O)O)O)O)O)OC(=O)C1=CC(=C(C(=C1)OC(=O)C1=CC(=C(C(=C1)O)O)O)O)O,1
A58,C1=C(C=C(C(=C1O)O)O)C(=O)OC[C@@H]2[C@H]([C@@H]([C@H]([C@@H](O2)OC(=O)C3=CC(=C(C(=C3)O)O)O)OC(=O)C4=CC(=C(C(=C4)O)O)O)OC(=O)C5=CC(=C(C(=C5)O)O)O)OC(=O)C6=CC(=C(C(=C6)O)O)O,1
A59,C1=CC=C2C(=C1)C(=O)OC23C4=CC(=C(C(=C4OC5=C(C(=C(C=C35)I)O)I)I)O)I,1
A60,CCCCC(CC)COC(=O)CC(C(=O)OCC(CC)CCCC)S(=O)(=O)O,1
A61,C1=C(C(=C(C(=C1Cl)Cl)CC2=C(C(=CC(=C2Cl)Cl)Cl)O)O)Cl,1
A62,C1=CC=C(C=C1)C2=CC(=O)C3=C(C(=C(C=C3O2)O[C@H]4[C@@H]([C@H]([C@@H]([C@H](O4)C(=O)O)O)O)O)O)O,1
A63,C1[C@H]([C@H]([C@@H](C[C@@]1(C(=O)O)O)OC(=O)/C=C/C2=CC(=C(C=C2)O)O)O)O,1
A64,C[C@]12CC[C@](C[C@H]1C3=CC(=O)[C@@H]4[C@]5(CC[C@@H](C([C@@H]5CC[C@]4([C@@]3(CC2)C)C)(C)C)O[C@@H]6[C@@H]([C@H]([C@@H]([C@H](O6)C(=O)O)O)O)O[C@H]7[C@@H]([C@H]([C@@H]([C@H](O7)C(=O)O)O)O)O)C)(C)C(=O)O,1
A65,CC[C@H](C)[C@@H]1[C@H](CC[C@@]2(O1)C[C@@H]3C[C@H](O2)C/C=C(/[C@H]([C@H](/C=C/C=C/4\CO[C@H]5[C@@]4([C@@H](C=C([C@H]5O)C)C(=O)O3)O)C)O[C@H]6C[C@@H]([C@H]([C@@H](O6)C)O[C@H]7C[C@@H]([C@H]([C@@H](O7)C)O)OC)OC)\C)C,1
A66,CC[C@]1(CC[C@@H](O1)[C@@]2(CC[C@@]3(O2)C[C@@H]([C@H]([C@H](O3)[C@@H](C)[C@H]([C@H](C)C(=O)O)OC)C)O)C)[C@H]4[C@H](C[C@@H](O4)[C@@H]5[C@H](C[C@H]([C@@](O5)(CO)O)C)C)C,1
A67,CC1=C2COC(=O)C2=C(C(=C1OC)C/C=C(\C)/CCC(=O)O)O,1
A68,O=C(Oc1cccc(Cl)c1)c1ccco1,1
A69,O=Cc1ccc(-c2ccc(Cl)cc2)o1,1
A70,O=C1OC[C@H](Cc2ccc3c(c2)OCO3)/C1=C\c1ccc2c(c1)OCO2,1
A71,O=C(/C=C/c1cc(O)cc2c1[C@H](C(O)O[C@H](Cc1ccc(O)c(O)c1)C(=O)O)[C@@H](c1ccc(O)c(O)c1)O2)O[C@H](Cc1ccc(O)c(O)c1)C(=O)O,1
A72,O=Cc1cccs1,1
A73,C=C(Cc1cccc(C)c1)C1=CC=C(c2ccc(C)cc2)C1,1
A74,C=C(C)[C@@H]1CC[C@]2(C(=O)O)CC[C@]3(C)[C@H](CC[C@@H]4[C@@]5(C)CCC(=O)C(C)(C)[C@@H]5CC[C@]43C)[C@@H]12,1
A75,O=C1OC[C@H](Cc2ccc3c(c2)OCO3)[C@H]1Cc1ccc2c(c1)OCO2,1
A76,COC(=O)[C@H]1O[C@H]1C(=O)OC,1
A77,C[C@H]1O[C@H]1C(=O)O,1
A78,COc1cc(/C=C/C(=O)/C=C(O)/C=C/c2ccc(O)c(OC)c2)ccc1O,1
A79,O=C(OC[C@H]1O[C@@H](OC(=O)c2cc(O)c(O)c(OC(=O)c3cc(O)c(O)c(O)c3)c2)[C@H](OC(=O)c2cc(O)c(O)c(OC(=O)c3cc(O)c(O)c(O)c3)c2)[C@@H](OC(=O)c2cc(O)c(O)c(OC(=O)c3cc(O)c(O)c(O)c3)c2)[C@@H]1OC(=O)c1cc(O)c(O)c(OC(=O)c2cc(O)c(O)c(O)c2)c1)c1cc(O)c(O)c(OC(=O)c2cc(O)c(O)c(O)c2)c1,1
A80,CC[Hg]Sc1ccccc1C(=O)O,1
A81,O=C1C=Cc2cc(Br)ccc2C1=O,1
A82,O=C1c2c(O)cc(O)cc2O[C@H](c2cc(O)c(O)c(O)c2)[C@H]1O,1
A83,O=C(CCl)c1ccccc1,1
A84,CCOC(=O)Cc1ccc(-c2ccccc2)cc1,1
A85,Oc1cc2c(cc1O)[C@@H]1c3ccc(O)c(O)c3OC[C@]1(O)C2,1
A86,O=C1C=CC(=O)C2=C1C1c3ccccc3C2c2ccccc21,1
A87,O=C(O)c1ccccc1-c1c2cc(Br)c(=O)cc-2oc2c([Hg]O)c(O)c(Br)cc12,1
A88,Oc1c(I)cc(I)c(O)c1I,1
A89,CC(=O)O[Hg]c1ccccc1,1
A90,CCP(CC)(CC)=[Au]S[C@@H]1O[C@H](COC(C)=O)[C@@H](OC(C)=O)[C@H](OC(C)=O)[C@H]1OC(C)=O,1
A91,Oc1ccc2ccccc2c1SSc1c(O)ccc2ccccc12,1
A92,O=c1cc(-c2ccccc2)oc2cc(O)c(O)c(O)c12,1
A93,O=C1c2c(O)cc(O)cc2O[C@@H](c2cc(O)c(O)c(O)c2)[C@@H]1O,1
A94,C=CC(=O)c1ccc2ccccc2c1,1
A95,O=c1c(O)c(-c2ccc(O)c(O)c2)oc2cc(O)c(O)c(O)c12,1
A96,O=C(O[C@@H]1Cc2c(O)cc(O)cc2O[C@@H]1c1cc(O)c(O)c(O)c1)c1cc(O)c(O)c(O)c1,1
A97,O=C(O)c1cc(O)c2c(c1)[C@H]([C@H]1c3cc(C(=O)O)cc(O)c3C(=O)c3c(O[C@@H]4O[C@H](CO)[C@@H](O)[C@H](O)[C@H]4O)cccc31)c1cccc(O[C@@H]3O[C@H](CO)[C@@H](O)[C@H](O)[C@H]3O)c1C2=O,1
A98,O=C(O)[C@H](S)[C@H](S)C(=O)O,1
A99,OC[C@H]1OC(S[Au])[C@H](O)[C@@H](O)[C@@H]1O,1
A100,C[C@@H]1O[C@@H](O[C@@H]2[C@@H](O)[C@H](OCCc3ccc(O)c(O)c3)O[C@H](CO)[C@H]2OC(=O)/C=C/c2ccc(O)c(O)c2)[C@H](O)[C@H](O)[C@H]1O,1
A101,O=C(O)CCCCCCCCCCCCCCc1ccc(I)cc1,1
A102,C=C1C(=O)[C@]23[C@H](O)[C@H]1CC[C@@H]2[C@@]12CO[C@]3(O)C[C@@H]1C(C)(C)CC[C@@H]2O,1
A103,CC(Cc1ccc(O)c(O)c1)C(C)Cc1ccc(O)c(O)c1,1
A104,C[C@@H]1OC(O[C@H]2C(OC(=O)/C=C/c3ccc(O)c(O)c3)[C@H](CO[C@@H]3OC[C@](O)(CO)[C@H]3O)O[C@@H](OCCc3ccc(O)c(O)c3)[C@@H]2O)[C@H](O)[C@H](O)[C@H]1O,1
A105,O=c1cc(-c2ccc(O)cc2)oc2cc(O)cc(O)c12,1
A106,O=c1cc(-c2ccc(O)cc2)oc2cc(O)c(O)c(O)c12,1
A107,C[C@@H]1O[C@@H](OC[C@H]2O[C@@H](OCCc3ccc(O)c(O)c3)[C@H](O)[C@@H](O)[C@@H]2OC(=O)/C=C/c2ccc(O)c(O)c2)[C@H](O)[C@H](O)[C@H]1O,1
A108,C/C=C1\C(OC2OC(CO)C(O)C(O)C2O)OC=C(C(=O)OC)C1CC(=O)OCCc1ccc(O)c(O)c1,1
A109,O=C(/C=C/c1ccc(O)c2c1[C@@H](C(=O)O[C@H](Cc1ccc(O)c(O)c1)C(=O)O)[C@H](c1ccc(O)c(O)c1)O2)O[C@H](Cc1ccc(O)c(O)c1)C(=O)O,1
A110,C[C@@H]1O[C@@H](Oc2c(-c3cc(O)c(O)c(O)c3)oc3cc(O)cc(O)c3c2=O)[C@@H](O)[C@H](O)[C@H]1O,1
A111,O=C(/C=C/c1ccc(O)c(O)c1)O[C@H](Cc1ccc(O)c(O)c1)C(=O)O,1
A112,O=C1C(Cl)=C(Cl)C(=O)C(Cl)=C1Cl,1
A113,O=C(c1cc(O)c(O)c(O)c1)c1ccc(O)c(O)c1O,1
A114,O=c1c(O)cccc2cc(O)c(O)c(O)c12,1
A115,CCCCCC/C=C\CCCCCCCc1cccc(O)c1C(=O)O,1
A116,COc1c(/C=C/C(=O)c2ccc(O)cc2)ccc(O)c1O,1
A117,C[C@@H]1O[C@@H](OC[C@H]2O[C@@H](OCCc3ccc(O)c(O)c3)[C@H](O)[C@@H](OC(=O)/C=C/c3ccc(O)c(O)c3)[C@@H]2O)[C@H](O)[C@H](O)[C@H]1O,1
A118,C[C@@H]1O[C@@H](OC[C@H]2O[C@@H](OCCc3ccc(O)c(O)c3)[C@H](O)[C@@H](O)[C@@H]2O)[C@H](O)[C@H](O)[C@H]1O,1
A119,CC1=CC(=O)c2ccccc2C1=O,1
A120,CCOc1ccc(C(=O)c2ccc(O)c(O)c2O)cc1,1
A121,C[C@@]12CC[C@H]([C@@]([C@H]1CCC(=C)[C@H]2C/C=C/3\[C@@H](COC3=O)O)(C)CO)O,1
A122,C1=CC=C(C=C1)C2=CC(=O)C3=C(O2)C=C(C(=C3O)O)O,1
A123,C1=CC=C(C=C1)C2=CC(=O)C3=C(C(=C(C=C3O2)O[C@H]4[C@@H]([C@H]([C@@H]([C@H](O4)C(=O)O)O)O)O)O)O,1
A124,C1C2=CC(=C(C=C2[C@H]3[C@@]1(COC4=C3C=CC(=C4)O)O)O)O,1
A125,C1[C@@H]2[C@@H]3[C@@H]([C@H]([C@@H](O2)OC(=O)C4=CC(=C(C(=C4)O)O)O)OC(=O)C5=CC(=C(C6=C5[C@H]([C@@H](C(=O)O3)CC(=O)O)[C@@H](C(=O)O6)O)O)O)OC(=O)C7=CC(=C(C(=C7C8=C(C(=C(C=C8C(=O)O1)O)O)O)O)O)O,1
A126,COC1=C(C=C(C=C1)C2=C(C(=O)C3=C(C(=C(C=C3O2)OC)OC)O)O)O,1
A127,C1=CC(=C(C=C1CCO)O)O,1
A128,COC1=CC=C(C=C1)C2=CC(=O)C3=C(O2)C(=C(C=C3O)O)C4=C(C=CC(=C4)C5=CC(=O)C6=C(C=C(C=C6O5)O)O)OC,1
A129,C/C=C/1\[C@@H](C(=CO[C@H]1O[C@H]2[C@@H]([C@H]([C@@H]([C@H](O2)CO)O)O)O)C(=O)OC)CC(=O)OCCC3=CC(=C(C=C3)O)O,1
A130,CC1(CC[C@@H]([C@]23[C@@H]1[C@@H]([C@]([C@]45[C@H]2CC[C@H]([C@H]4O)C(=C)C5=O)(OC3)O)O)O)C,1
A131,C1C(C(OC(=O)C2=CC(=C(C(=C2C3=C(C(=C4C5=C3C(=O)OC6=C(C(=C(C7=C(C(=C(C=C7C(=O)O1)O)O)O)C(=C56)C(=O)O4)O)O)O)O)O)O)O)C8C(OC(=O)C9=CC(=C(C(=C9C1=C(C(=C(C=C1C(=O)O8)O)O)O)O)O)O)C=O)O,1
A132,C1[C@@H]([C@@H]([C@H]([C@@H](O1)C2=C3C(=C(C(=C2O)[C@H]4[C@@H]([C@H]([C@@H]([C@H](O4)CO)O)O)O)O)C(=O)C=C(O3)C5=CC=C(C=C5)O)O)O)O,1
A133,CC1=CC(=O)C2=CC=CC=C2C1=O,1
A134,COC1=CC(=C2C(=C1)OC(=O)C3=C2OC4=CC(=C(C=C43)O)O)O,1
A135,CC1=C(C(=O)O[C@H](C1)[C@@H](C)[C@]2(CC[C@@H]3[C@@]2(CC[C@H]4[C@H]3[C@H]5[C@H](O5)[C@@]6([C@@]4(C(=O)C=CC6)C)O)C)O)C,1
A136,C1=CC=C(C=C1)C2=CC(=O)C3=C(O2)C=CC(=C3)O,1
A137,C1[C@H]([C@H](OC2=CC(=CC(=C21)O)O)C3=CC(=C(C=C3)O)O)OC(=O)C4=CC(=C(C(=C4)O)O)O,1
A138,C1[C@@H]([C@H](OC2=CC(=CC(=C21)O)O)C3=CC(=C(C(=C3)O)O)O)OC(=O)C4=CC(=C(C(=C4)O)O)O,1
A139,C1=C(C=C(C=C1O)OC2=C(C=C(C3=C2OC4=C(C=C(C=C4O3)O)O)O)OC5=C(C=C(C=C5O)O)O)O,1
A140,CC(=CCC1(C(C2=C(C=C(C=C2)O)OC1C3=CC=CC=C3)O)O)C,1
A141,CC(=CCC1=CC(=C(C=C1OC)O)C(=O)/C=C/C2=CC=C(C=C2)OC)C,1
A142,CC(=CC[C@@H](C1=CC(=O)C2=C(C=CC(=C2C1=O)O)O)O)C,1
A143,CC1=C(C(CCC1)(C)C)/C=C/C(=C/C=C/C(=C/C(=O)O)/C)/C,1
A144,C1=CC2=C(C(=C1)O)C(=O)C3=C(C2=O)C=C(C=C3O)CO,1
A145,CC1=CC(=C(C2=C1C(=O)C=C(O2)CC(=O)C)[C@H]3[C@@H]([C@H]([C@@H]([C@H](O3)CO)O)O)O)O,1
A146,C[C@H]1C2CC(=O)C3=C(C2(CCC1=O)C)C(=O)CC4(C3CCC4C(C)CCC(=C)C(C)C(=O)O)C,1
A147,CC(=CCC1=CC2=C(C=C1OC)O[C@@H](CC2=O)C3=CC=C(C=C3)O)C,1
A148,CC(=C)[C@@H]1CC[C@]2([C@H]1[C@H]3CC[C@@H]4[C@]5(CC[C@@H](C([C@@H]5CC[C@]4([C@@]3(CC2)C)C)(C)C)O)C)C(=O)O,1
A149,COC1=C(C=C(C=C1)C2=CC(=O)C3=C(C=C(C=C3O2)O)O)C4=C(C=C(C5=C4OC(=CC5=O)C6=CC=C(C=C6)O)O)O,1
A150,CC1=C(C(=O)C=C2C1=CC=C3[C@]2(CC[C@@]4([C@@]3(CC[C@@]5([C@H]4C[C@](CC5)(C)C(=O)O)C)C)C)C)O,1
A151,C/C/1=C\CC/C(=C/[C@@H]2[C@@H]([C@H](C1)OC(=O)C(=C)[C@H](CO)O)C(=C)C(=O)O2)/CO,1
A152,C[C@H]1COC2=C1C(=O)C(=O)C3=C2C=CC4=C3CCCC4(C)C,1
A153,COC1=C(C=CC(=C1)/C=C/C(=O)CC(=O)/C=C/C2=CC(=C(C=C2)O)OC)O,1
A154,C1=CC(=C(C=C1C[C@H](C(=O)O)O)O)O,1
A155,C1=C(C=C(C(=C1O)O)O)C2=[O+]C3=CC(=CC(=C3C=C2O)O)O,1
A156,C1=C(C=C(C=C1O)OC2=C(C=C(C3=C2OC4=C(C=C(C=C4O3)OC5=C(C=C(C=C5O)OC6=C(C=C(C7=C6OC8=C(C=C(C=C8O7)O)O)O)O)O)O)O)O)O,1
A157,CC1COC2=C1C(=O)C3=C(C2=O)C4=CC=CC(=C4C=C3)C,1
A158,C1=C(C=C(C(=C1O)O)O)[C@@H]2[C@H](C(=O)C3=C(C=C(C=C3O2)O)O)O,1
A159,C[C@H]1COC2=C1C(=O)C(=O)C3=C2C=CC4=C(C=CC=C43)C,1
A160,C1=C(C=C(C=C1O)OC2=C(C3=C(C=C2O)OC4=C(C(=C(C=C4O3)OC5=C(C=C(C=C5O)O)O)O)O)O)O,1
A161,CCN(CC)C(=S)SSC(=S)N(CC)CC,1
A162,C1=C(C=C(C=C1O)OC2=C(C=C(C3=C2OC4=C(C=C(C=C4O3)O)O)O)O)O,1
A163,C1=C2C3=C(C(=C1O)O)OC(=O)C4=CC(=C(C(=C43)OC2=O)O)O,1
A164,C1[C@H]([C@H](OC2=CC(=CC(=C21)O)O)C3=CC(=C(C(=C3)O)O)O)OC(=O)C4=CC(=C(C(=C4)O)O)O,1
A165,C[C@H]1CCC/C=C\C[C@H](OC(=O)C[C@@H](C(C(=O)[C@@H]([C@H]1O)C)(C)C)O)/C(=C/C2=CSC(=N2)C)/C,1
A166,C[C@H]1[C@@H]([C@H]([C@H]([C@@H](O1)OC[C@@H]2[C@H]([C@@H]([C@H]([C@@H](O2)OCCC3=CC(=C(C=C3)O)O)O)O)OC(=O)/C=C/C4=CC(=C(C=C4)O)O)O)O)O,1
A167,C[C@H]1[C@@H]([C@H]([C@H]([C@@H](O1)O[C@@H]2[C@H]([C@@H](O[C@@H]([C@H]2OC(=O)/C=C/C3=CC(=C(C=C3)O)O)CO[C@H]4[C@@H]([C@](CO4)(CO)O)O)OCCC5=CC(=C(C=C5)O)O)O)O)O)O,1
A168,C[C@H]1[C@@H]([C@H]([C@H]([C@@H](O1)OC[C@@H]2[C@H]([C@@H]([C@H]([C@@H](O2)OCCC3=CC(=C(C=C3)O)O)O)O)O)O)O)O,1
A169,C[C@H]1[C@@H]([C@H]([C@H]([C@@H](O1)OC[C@@H]2[C@H]([C@@H]([C@H]([C@@H](O2)OCCC3=CC(=C(C=C3)O)O)OC(=O)/C=C/C4=CC(=C(C=C4)O)O)O)O)O)O)O,1
A170,C1=C(C=C(C(=C1O)C2=C(C=C(C=C2OC3=C(C=C(C=C3OC4=C(C=C(C=C4O)O)O)O)O)O)O)O)O,1
A171,C1[C@@H]([C@H](OC2=CC(=CC(=C21)O)O)C3=CC(=C(C(=C3)O)O)O)O,1
A172,COC1=CC(=C2C(=C1)OC(=CC2=O)C3=CC=C(C=C3)O)O,1
A173,COC1=C(C=C(C=C1)C2=CC(=O)C3=C(C=C(C=C3O2)OC)O)C4=C(C=C(C5=C4OC(=CC5=O)C6=CC=C(C=C6)O)O)O,1
A174,CCCCCCCCCCCCCC1=C(C(=CC=C1)O)C(=O)O,1
A175,CCCCCC/C=C\CCCCCCCCCC1=C(C(=CC=C1)O)C(=O)O,1
A176,CC(=CCC1=C(C2=C(C=C1O)OC(=O)C(=C2)C3=C(C=C(C=C3)O)O)OC)C,1
A177,C1=CC(=CC=C1C2=C(C(=O)C3=C(O2)C(=C(C=C3O)O)O)O)O,1
A178,COC1=C(C=C(C=C1)[C@@H]2CC(=O)C3=C(C=C(C=C3O2)O)O)O,1
A179,CC1=CC[C@@]2(CC[C@@]3(C4=CC=C5C(=C(C(=O)C=C5[C@@]4(CC[C@]3([C@@H]2C1)C)C)O)C)C)C,1
A180,C1=C(C=C(C=C1O)OC2=CC(=C(C(=C2)O)OC3=C(C=C(C=C3OC4=CC(=C(C(=C4)O)OC5=CC(=CC(=C5OC6=CC(=CC(=C6OC7=CC(=CC(=C7OC8=CC(=C(C(=C8)O)OC9=C(C=C(C=C9OC1=C(C=C(C=C1O)OC1=C(C=C(C=C1O)OC1=C(C=C(C=C1O)OC1=C(C=C(C=C1O)OC1=C(C=C(C=C1O)OC1=C(C=C(C=C1O)OC1=C(C=C(C=C1O)O)O)O)O)O)O)O)O)O)O)O)O)O)O)O)O)O)O)O)O)O)O,1
A181,CC(=CCC1=C(C(=CC(=C1)C2=COC3=C(C2=O)C(=C(C(=C3)O)CC=C(C)C)O)O)O)C,1
A182,CC(=CCC1=C(C=CC(=C1O)C(=O)/C=C/C2=CC=C(C=C2)O)O)C,1
A183,CN1CCC2=CC(=C(C=C2[C@H]1CC3=CC=C(C=C3)OC)OC4=C(C=CC(=C4)C[C@@H]5C6=CC(=C(C=C6CCN5C)OC)O)O)OC,1
A184,COC1=C(C=CC(=C1)C2=C(C(=O)C3=C(C=C(C=C3O2)O)O)O)O,1
A185,CC1(C=CC2=C(O1)C=CC(=C2O)C3COC4=CC(=CC(=C4C3=O)O)O)C,1
A186,C1=CC(=C(C=C1C[C@H](C(=O)O)OC(=O)/C=C/C2=C3[C@@H]([C@H](OC3=C(C=C2)O)C4=CC(=C(C=C4)O)O)C(=O)O)O)O,1
A187,C[C@@]12CC[C@@H]3[C@@]([C@H]1CC=C4[C@]2(CC[C@@]5([C@H]4CC(CC5)(C)C)C(=O)O)C)(C[C@H]([C@@H](C3(C)C)O)O)C,1
A188,C[C@H](CC1=CC(=C(C=C1)O)OC)[C@@H](C)CC2=CC(=C(C=C2)O)OC,1
A189,COC(=O)[C@@H](CC1=CC(=C(C=C1)O)O)OC(=O)/C=C/C2=CC(=C(C=C2)O)O,1
A190,CC1=COC2=C1C(=O)C(=O)C3=C2C=CC4=C3CCC[C@]4(C)C(=O)OC,1
A191,C1=C(C=C(C(=C1O)O)O)C2=C(C(=O)C3=C(C=C(C=C3O2)O)O)O,1
A192,CC(=CCC1=C(C=CC(=C1)C2=COC3=C(C2=O)C=CC(=C3)O)O)C,1
A193,COC1=C(C2=C(C=C1O)OC(=CC2=O)C3=CC(=C(C=C3)O)O)O,1
A194,CC(CC1=CC(=C(C=C1)O)O)C(C)CC2=CC(=C(C=C2)O)O,1
A195,COC1=C(C2=C(C=C1O)OC(=C(C2=O)O)C3=CC(=C(C=C3)O)O)O,1
A196,C[C@H]1[C@@H]([C@H]([C@H]([C@@H](O1)OC[C@@H]2[C@H]([C@@H]([C@H]([C@@H](O2)OC3=C(C(=C4C(=C3)OC(=CC4=O)C5=CC=C(C=C5)OC)O)OC)O)O)O)O)O)O,1
A197,C1=CC(=CC=C1/C=C/C2=CC(=CC(=C2)O[C@H]3[C@@H]([C@H]([C@@H]([C@H](O3)CO)O)O)O)O)O,1
A198,C[C@H](CC1=CC(=C(C(=C1)OC)OC)O)[C@@H](C)CC2=CC(=C(C(=C2)OC)OC)O,1
A199,CC1=C(C(=O)C=C2C1=CC=C3[C@]2(CC[C@@]4([C@@]3(CC[C@@]5([C@H]4C[C@](CC5)(C)C(=O)OC)C)C)C)C),1
A200,CC(=CCC1=CC2=C(C=C1O)OC(=O)C3=C2OC4=C3C=CC(=C4)O)C,1
A201,C1=CC(=C(C=C1C2=C(C(=O)C3=C(O2)C=C(C(=C3O)O)O)O)O)O,1
A202,C1=CC(=CC=C1/C=C/C2=CC(=CC(=C2)O)O)O,1
A203,C[C@H]1[C@@H]([C@H]([C@H]([C@@H](O1)O[C@@H]2[C@H]([C@@H]([C@H](O[C@H]2OC3=CC(=C4C(=C3)OC(=CC4=O)C5=CC=C(C=C5)O)O)CO)O)O)O)O)O,1
A204,C1=CC2=C(C=C1O)OC(=C(C2=O)O)C3=CC(=C(C(=C3)O)O)O,1
A205,C1=CC(=C(C=C1C[C@H](C(=O)O)OC(=O)/C=C/C2=C3[C@@H]([C@H](OC3=C(C=C2)O)C4=CC(=C(C=C4)O)O)C(=O)O[C@H](CC5=CC(=C(C=C5)O)O)C(=O)O)O)O,1
A206,C1[C@@H](/C(=C\C2=CC3=C(C=C2)OCO3)/C(=O)O1)CC4=CC5=C(C=C4)OCO5,1
A207,COC1=CC=C(C=C1)C2=CC(=O)C3=C(O2)C(=C(C=C3O)O)C4=C(C=CC(=C4)C5=CC(=O)C6=C(C=C(C=C6O5)OC)O)OC,1
A208,C1=CC(=CC=C1C2=CC(=O)C3=C(O2)C=C(C(=C3O)O)O)O,1
A209,C1=C(C=C(C(=C1O)O)O)C(=O)OC2=CC(=CC(=C2O)O)C(=O)OC[C@@H]3[C@H]([C@@H]([C@H]([C@@H](O3)OC(=O)C4=CC(=C(C(=C4)OC(=O)C5=CC(=C(C(=C5)O)O)O)O)O)OC(=O)C6=CC(=C(C(=C6)OC(=O)C7=CC(=C(C(=C7)O)O)O)O)O)OC(=O)C8=CC(=C(C(=C8)OC(=O)C9=CC(=C(C(=C9)O)O)O)O)O)OC(=O)C1=CC(=C(C(=C1)OC(=O)C1=CC(=C(C(=C1)O)O)O)O)O,1
A210,CC1=C2C=CC3=C(C2=CC=C1)C(=O)C(=O)C4=C3OC=C4C,1
A211,CC1=COC2=C1C(=O)C(=O)C3=C2C=CC4=C3CCCC4(C)C,1
A212,CC1=COC2=C1C(=O)C(=O)C3=C2C=CC4=C3CCC[C@]4(C)CO,1
A213,C1[C@H]([C@H](OC2=CC(=CC(=C21)O)O)C3=CC4=C(C(=C(C=C4[C@@H]5[C@@H](CC6=C(C=C(C=C6O5)O)O)O)O)O)C(=O)C(=C3)O)O,1
A214,C1C(C(OC2=CC(=CC(=C21)O)O)C3=CC4=C(C(=C(C=C4C5C(CC6=C(C=C(C=C6O5)O)O)OC(=O)C7=CC(=C(C(=C7)O)O)O)O)O)C(=O)C(=C3)O)OC(=O)C8=CC(=C(C(=C8)O)O)O,1
A215,C[C@@H]1C[C@@H]2[C@@](CC[C@]3([C@]2(CC[C@@]4(C3=CC=C5C4=CC(=O)C(=C5C)O)C)C)C)(CC1=O)C,1
A216,CCCCCCCCCCCCC(=O)O,1
A217,C[C@@H]1CC[C@@]2(CC[C@@]3(C(=CC[C@H]4[C@]3(CC[C@@H]5[C@@]4(CC[C@@H](C5(C)C)O)C)C)[C@@H]2[C@H]1C)C)C(=O)O,1
A218,CC(=O)O[C@@H]1[C@H]([C@@H]([C@H](O[C@H]1O[C@]2([C@H]([C@@H]([C@H](O2)COC(=O)/C=C/C3=CC=C(C=C3)O)O)OC(=O)/C=C/C4=CC=C(C=C4)O)COC(=O)/C=C/C5=CC=C(C=C5)O)COC(=O)/C=C/C6=CC(=C(C=C6)O)OC)O)O,1
A219,COC1=C(C=CC(=C1)/C=C/C(=O)OC[C@@H]2[C@H]([C@@H]([C@H]([C@H](O2)O[C@]3([C@H]([C@@H]([C@H](O3)COC(=O)/C=C/C4=CC=C(C=C4)O)O)OC(=O)/C=C/C5=CC=C(C=C5)O)COC(=O)/C=C/C6=CC=C(C=C6)O)O)O)O)O,1
A220,C1=CC(=CC=C1C2=CC(=O)C3=C(C(=C(C(=C3O2)[C@H]4[C@@H]([C@H]([C@@H]([C@H](O4)CO)O)O)O)O)[C@H]5[C@@H]([C@H]([C@@H]([C@H](O5)CO)O)O)O)O)O,1
A221,CC1=C(C(=O)O[C@H](C1)[C@@H](C)[C@H]2CC[C@@H]3[C@@]2(CC[C@H]4[C@H]3C[C@@H]5[C@]6([C@@]4(C(=O)C=C[C@@H]6O)C)O5)C)CO,1
A222,CC(=CCC/C(=C/CC1=C(C=CC(=C1O)C(=O)/C=C/C2=CC=C(C=C2)O)O)/C)C,1
A223,CC(=C)C(CC/C(=C/CC1=C(C=CC(=C1O)C(=O)/C=C/C2=CC=C(C=C2)O)O)/C)O,1
A224,CC(=C)C(CC1=C(C=CC(=C1O)C(=O)/C=C/C2=CC=C(C=C2)O)OC)O,1
A225,CC(=C)C(CC1=C(C=CC(=C1O)C(=O)/C=C/C2=CC=C(C=C2)O)OC)OO,1
A226,CC(=CCC/C(=C/CC1=C(C=CC(=C1O)C(=O)/C=C/C2=CC=C(C=C2)O)OC)/C)C,1
A227,CC1(C=CC2=C(O1)C=C(C3=C2OC4=C(C3=O)C=CC(=C4O)O)O)C,1
A228,CC1=CC(=C(C2=C1C(=O)OC3=C(O2)C(=C(C(=C3CO)O)C(=O)O)C)C=O)O,1
A229,CC1=CC(=C(C2=C1C(=O)OC3=C(O2)C4=C(C(=C3CO)O)C(=O)OC4O)C=O)O,1
A230,COC1=CC=C(C=C1)C2=CC(=O)C3=C(O2)C(=C(C=C3O)O)C4=C(C=CC(=C4)C5=CC(=O)C6=C(C=C(C=C6O5)OC)O)O,1
A231,CS(=O)C=CCCN=C=S,1
A232,C1[C@H]([C@@H](OC2=CC(=CC(=C21)O)O)C3=CC(=C(C=C3)O)O)OC(=O)C4=CC(=C(C(=C4)O)O)O,1
A233,C1[C@H]([C@H](OC2=CC(=CC(=C21)O)O)C3=CC(=C(C=C3)O)O)O,1
A234,C1[C@H]([C@H](OC2=CC(=CC(=C21)O)O)C3=CC(=C(C(=C3)O)O)O)O,1
A235,C1[C@H]([C@H](OC2=CC(=CC(=C21)O)O)C3=CC(=C(C(=C3)O)O)O)OC(=O)C4=CC(=C(C(=C4)O)O)O,1
N156,CC1=CN2C(=NC3=C(C2=O)C=C(C(=N)N3C(C)C)C(=O)NC)C=C1,0
N336,CC(C)(CCC1(C(CCC2=C1N=C3C(=C2OC)C=CO3)O)OC)O,0
N808,C1C(CN2C=CC=CC2=N1)O.Cl,0
N1055,C1CCC(CC1)N2C3C(NC2=O)N(C(=O)N3)C4CCCCC4,0
N1417,C1CNC2C(N1)NCCN2,0
N1827,CCOC(=O)CSC1=NC2=CC=CC=C2C(=O)N1CC3CCCO3,0
N1915,CCSC1=C(C2(CCCCC2)C(=C(N1)N)C#N)C#N,0
N3248,CC1=CC2=C(C=C1C)NC(C=C2C)(C)C,0
N3746,C1C2CN(CC1C3=CC=CC(=O)N3C2)C4=NC=NC5=C4C=NN5C6=CC=CC=C6,0
N4703,C1=CN(C=C1)CCS(=O)(=O)CCN2C=CC=C2,0
N4866,CC(C(=O)O)N1C(=O)CSC1=S,0
N5929,CN1C(=NN=C1SC)C2CCNCC2.Cl,0
N6020,CC(C)(C#N)NN1C=NN=C1,0
N7316,CCOC(=O)CC1=CC(C(C(=C1C#N)N)(C#N)C#N)(C)CC(=O)OCC,0
N7725,CC1=NN2CC(CSC2=N1)O,0
N7837,CC1=C(SC2=NC(=NC(=C12)NCCNS(=O)(=O)C)C3CC3)C,0
N7839,C1CCN(CC1)C2CS(=O)(=O)CC2N3CCCCC3,0
N8436,C1=C(C=C(C(=C1Br)N)Br)N,0
N8817,C1=CC=C2C(=C1)C=CN2CC(CNC3=CC=CC=C3O)O.C(=O)(C(=O)O)O,0
N9441,CC(C(C(C(C1NCCS1)O)O)O)O,0
N10111,CS(=O)(=O)C1=CC=C(C=C1)C2=NNN=N2,0
N10236,CCCS(=O)(=O)C(=C1NCCN1)S(=O)(=O)CCC,0
N10318,CC1(CC2(CC(N(C(=O)N2C)C)(C)C)N(C(=O)N1C)C)C,0
N11029,CN(C)S(=O)(=O)C1=CC=CC2=NSN=C21,0
N11319,CC(C)[C@@]1(C(=O)N2[C@H](C(=O)N3CCC[C@H]3[C@@]2(O1)O)CC4=CC=CC=C4)NC(=O)[C@H]5CN([C@@H]6CC7=CNC8=CC=CC(=C78)C6=C5)C,0
N11363,CC(C)(C)NCC(COC1=CC=CC2=C1C[C@@H]([C@@H](C2)O)O)O,0
N11374,C1CC1C(C2CC2)NC3=NCCO3.C(=C/C(=O)O)\C(=O)O,0
N11376,C=C1CC[C@]2([C@H]3CC4=C5[C@]2([C@H]1OC5=C(C=C4)O)CCN3CC6CC6)O,0
N11399,CC1=C(C(CCC1)(C)C)/C=C/C(=C/C=C/C(=C/C(=O)O)/C)/C,0
N11413,C1NC2=CC(=C(C=C2S(=O)(=O)N1)S(=O)(=O)N)Cl,0
N11466,C1=C2C(=CC(=C1Cl)S(=O)(=O)N)S(=O)(=O)NC(N2)C(Cl)Cl,0
N11475,C[N+](C)(C)CCCCCCCCCC[N+](C)(C)C.[Br-],0
N11532,C[C@H]1C=CC=C(C(=O)NC2=C(C(=C3C(=C2O)C(=C(C4=C3C(=O)[C@](O4)(OC=C[C@@H]([C@H]([C@H]([C@@H]([C@@H]([C@@H]([C@H]1O)C)O)C)OC(=O)C)C)OC)C)C)O)O)C=NN5CCN(CC5)C)C,0
N11619,C[C@H]1OC[C@H](O1)C[N+](C)(C)C.[I-],0
N11700,C1CC1CN2CC[C@]34[C@@H]5C(=O)CC[C@]3([C@H]2CC6=C4C(=C(C=C6)O)O5)O.Cl,0
N11733,CNCCCC1C2=CC=CC=C2C=CC3=CC=CC=C13.Cl,0
N11769,CCN1C=CC(=N)C=C1.Br,0
N11828,CC1=CC2=C(C=CC3=[N+](ON=C32)[O-])N=N1,0
N11843,CC[N+](CC)(CC)C/C(=N/O)/N.[Cl-],0
N11867,C1C(C[N+]2=CC=CN21)O.[Cl-],0
N11890,CC1=C(N(C(=N1)/C=[N+](/C(C)(C)/C=N/O)\[O-])O)C,0
N11896,C1CC[C@@]2(C(C1)CC3CCCC2[C@@H]3O)O,0
N11910,C1=CC2=NON=C2C(=C1)N=CNO,0
N11945,C1CCC2(C1)NC(CO2)(CO)CO,0
N11983,CC1=CNC2=C1C(=CC=C2)OCC(CNC(C)(C)C)O.Cl,0
N12051,CCO/C=C/C(=O)N(C)CCC#N,0
N12065,C1CCC23C(C1)CC4=C(N2C5=CC(=C(C#N)C#N)C=CC5=N3)CCCC4,0
N12148,C1CCC2=C(C1)N(C3=C([N+]2=O)CCC3)[O-],0
N12290,CC(=O)NC(=O)NC(C(=O)OC)(C(F)(F)F)O,0
N12304,CC1=C(C(=S)NC(=C1CC=C)C)C#N,0
N12409,C1=CC=C(C=C1)C2=C(C(=O)NN2)C(C3=CSC=C3)C(C#N)C#N,0
N12430,C[N+]1=C2N(CC3(COC3)CS2)N=C1.[I-],0
N12498,CC(=O)N=C1N=C(SS1)SC,0
N12512,CC1(CC2=CC=CC=C2C(=O)N1)C,0
N12534,CCC1=C(NC(=S)C(=C1C)C#N)C,0
N12545,CCCC1=[N+](CCN2C1=CC=C2C)CC.[Br-],0
N12606,C1CCC2=C(C1)C(=C(S2)NC(=O)CCC(=O)O)C#N,0
N12626,C1=C(SC(=C1)Br)C2=C(SC(=N2)N)Br,0
N12628,CSC1=NP(=S)(N2CCCC2=C1C#N)SC,0
N12770,CCOCCN1CCC(C(C1)C)OC(=O)C.Cl,0
N12821,C1=NN=NN1C(CO)(CO)CO,0
N12868,CC1(CC(=C2C(=NC3=C(N=CN=C3S2)OC)C1)N)C.Br,0
N12874,C1CC[N+]2(CC1)CC(C2)O.[Cl-],0
N12977,COC(=O)[C@@H]1[C@@H](C2(CCC1CC2)C(=O)OC)C(=O)OC,0
N13038,C1CN2C3=C(C=CC(=C3)N)SC2=N1,0
N13239,CC(=O)CC1C2C(C(ON2OC1C(=O)OC)C(=O)OC)C(=O)OC,0
N13253,C1CCC(CC1)(CO)C2=CC(=NN2)C(F)(F)F,0
N13630,CCOCC1=C(C(=O)NC(=N1)N)CC2=CC=C(C=C2)OC(C)C,0
N13637,CCCCNC1C(C(C(C1(C#N)C#N)(C#N)C#N)CCC)CC,0
N13707,CCN(CC)CCNC(=O)C1=C(C2=CC=CC3=C2N(C1=O)CCC3)O.Cl,0
N13861,C=C(CN1CCN(CC1)CC(=C)Br)Br,0
N14048,CN(C)CP(=O)(CN(C)C=O)O,0
N14101,CN(CP(=O)(CN(C)C=O)O)C=O,0
N14160,C1CSC(=NC#N)S1,0
N14215,CC1=CC(=CC(=C1)CC2CC(=O)N(C2=O)C3=NOC(=C3)C)C,0
N14225,CN(C)CC#CCOCCOCCC#N,0
N14385,C1C2CC3CC1CC(C2)(C3)N4C=NC(=N4)Cl,0
N14386,CCCSP1(=S)NCCCO1,0
N14815,C1CC(=CC(=O)C1)NCCNC2=C(C(=C(C(=C2F)F)CO)F)F,0
N14962,CCCC12CN3CC(C1O)(CN(C2)C3)CCC,0
N15005,C1(=[N+](ON=C1N)[O-])/C(=N/O)/N,0
N15047,CC(C)(C)C1=C[C@H](C[C@H](C1)CO)CO,0
N15061,CCN(CC)CCNCC1=C(C2=CC(=C(C=C2N1C)Br)OC)C(=O)OCC.Cl,0
N15094,CC1=NC2=CN=CC(=C2N1C)Br,0
N15645,CCNC(=O)N(C)C1=C(N=CN=N1)C(=O)NC,0
N15833,C/C(=N\O)/C(=N/O)/CN(C)C,0
N16047,CC(C)C1CC2=C(CO1)C(=S)N(C(=C2C#N)N)C,0
N16464,CCCOP(=O)(C1=CC=C(C=C1)N(C)C)C(C2=CC(=C(C(=C2)OC)OC)OC)O,0
N17198,C1=CC=C(C=C1)S(=O)(=O)C/C(=C/CO)/S(=O)(=O)C2=CC=CC=C2,0
N17277,CC1=C(OC2=C1C(CCC2)O)C(=O)O,0
N17479,CC(=O)C1=C(N(C(=O)NC1=O)C2CCCCCC2)O,0
N17491,C1=CC=NC(=C1)/C=N/N2C(=NN=N2)N,0
N17534,C1(=NNN=C1Cl)C2=NNC(=N2)Cl,0
N18687,C1=CC2=C(C=C1Cl)C3C(C(SC4=C3SC(=O)N4)C(=O)O)C(=O)O2,0
N19106,CCC(CO)NCCNC(CC)CO,0
N19586,C1=CC(=CC(=C1)F)C2C3=C(C(=O)N2CCO)OC4=C(C3=O)C=C(C=C4)Br,0
N20327,CCC(C)N=C1SCC(S1)(C)/C=N/O,0
N20661,CC1=CC2=C(C(=C(C(=O)O2)CC(=O)OC)C)C(=C1)OCC3=NNN=N3,0
N21154,CC1=CC(N=C(N1)NC#N)(C)C,0
N21186,CC(C)CC1=NC2=C(C3=C1CCCC3)C4=C(O2)C(=NC=N4)N5CCN(CC5)C,0
N21648,C1CCC2(C1)OCC(O2)CN3CCOC3C4=CC=NC=C4,0
N22847,C1=CC(=CC=C1C2=NN=CO2)OC3=C(C=C(C=N3)C(F)(F)F)Cl,0
N22933,CC1C2=CC=CN2CCN1CC(COCC3=CCC4CC3C4(C)C)O,0
N24050,CN1C=CC(=C1)P(=S)(C2=NC=CN2C=C)C3=NC=CN3C=C,0
N24075,C1CCC2=NN=C(N2CC1)C3=NC=CN=C3,0
N24093,C1CCC2=C(C1)N3C(=NCCS3(=O)=O)S2,0
N24173,CCNC1=CC=C(C=C1)P(=S)(N(C)C)N(C)C,0
N24461,CC1=CC(=C(O1)C)C2=CC(NC3=NC(=NN23)C(F)(F)F)(C)C4=C(OC(=C4)C)C,0
N24488,CC1(C(=O)N(C(=O)N1C)S(=O)(=O)C2=C(C(=C(C=C2)F)F)F)C,0
N24564,CC1=CC=C(S1)C2=C3C=NC=CN3C(=O)N2,0
N25074,CC1=NN(C(=C1C(C2=NC=CN2C)(C(F)(F)F)O)N)C,0
N25915,CCN1C2=C(C=C(C=C2)S(=O)(=O)N(C)C)N=C1CSC3=NN=C(O3)C4=CC5=C(C=C4)OCO5,0
N26024,C1CCC(=NCC1)NC2=NN=CS2,0
N26790,CC1=CN=C(C=C1)N=CC2=C(N(C(=O)N(C2=O)C)C)O,0
N28270,C1=CC(=C(C=C1C2=NNN=N2)N)F,0
N28506,CCCC[N+]1=NOC(=C1)/N=C(\[O-])/OC,0
N28917,C1=CC(=O)NC=C1Br,0
N29305,C1C(NC2=CC(=NN2C1(C(F)(F)F)O)C3=CC=CC=C3)(C(F)(F)F)O,0
N29749,C/C(=N\O)/C(=O)NCC1CCNCC1,0
N29827,C(C(C(C(C(F)F)(F)F)(F)F)(F)F)(O)P(=O)(O)O,0
N31170,CC1(OC(C(O1)C(=O)N)C(=O)N)C,0
N32207,COC1=NC2=C(S1)C(=O)NCCC2,0
N32794,C(CS(=O)CCNC(=O)C(F)(F)F)NC(=O)C(F)(F)F,0
N32798,C1CCC2=C(C1)N(C3=CC(=C(C=C3[N+]2=O)F)F)[O-],0
N32837,C1CN2C=NC3=CC=CC4=C3C2=C(C1=O)C=C4,0
N32877,CC1=C(C(N2C(=O)CCSC2=N1)C3=CC=C(C=C3)C(=O)OC)C(=O)OCC(C)C,0
N32929,C=CCN(CC=C)S(=O)(=O)C1=NC=NN1,0
N33390,C1C[N+]2(CC[N+]1(C3=CC=CC=C32)[O-])[O-],0
N33526,CCN1C(=C(C(=N1)C)/C=C/2\CCCC3=C2OC(=C(C3C4=C(N(N=C4C)CC)C)C#N)N)C,0
N34813,C1C2C=CC1C3C2C(=O)C(=C(O3)C(F)(F)F)SC(C(F)F)(F)F,0
N35037,C#CCSC1=C(C(=NS1)SCC#C)C#N,0
N35084,CC1=CC(=S)NC2=CC=CC=C12,0
N36071,COC1=C(C=C(C=C1)C2C3=CC=CN3C4=C(CN2)C=CC5=C4OCO5)O.Cl,0
N36146,C[N+](C)(C)C/C=C\1/COCO1.[I-],0
N36630,CC(C)N1C(=C(C=N1)C(=O)N)N,0
N36760,C1=CC=C(C(=C1)C(F)(F)F)NC(=O)CSC2=NC=C(C(=N2)N)C#N,0
N37319,CCN(CC)C1=NC(=NC(=N1)C2=NNN=N2)N(CC)CC,0
N37900,CC1=CC2=C(O1)C=C3N2C=NN(C3=O)CC(=O)OC,0
N38015,COC1=CC=C(C=C1)OCC(=O)N2CCN(CC2)C(=O)COC3=CC=C(C=C3)Br,0
N39222,C(C1=NC(=NN1)CO)O,0
N41613,CC1=C(SC2=C1C(=O)N=C3N2C(=C)CS3)C,0
N46071,C(CSC1=C(C(=C(C(=C1SCCO)F)SCCO)SCCO)F)O,0
N49808,COC1=CC=C(C=C1)OCC(=O)N2CCN(CC2)C(=O)C3=CC=CS3,0
N50738,CCN1C(=NN=N1)SCCSC2=NN=NN2CC,0
N50841,C1CN(CCN1)C2=C3C=CC(=CC3=NC=C2)Cl,0
N50875,C1=CC2=NSN=C2C(=C1)S(=O)(=O)N3C=C(C(=N3)N)C4=CC=C(C=C4)Br,0
N52352,CC1=C(SC=C1)C2NC3=C(C4=C(S3)CN(CC4)C)C(=O)N2,0
N54133,CC1=NOC(=C1Cl)C(=O)N2CC3(CC2CC(C3)(C)C)C,0
N54270,CC1=CC(=NN1C2=NC3=CC=CC=C3N=C2N4CCOCC4)C,0
N55186,CC12CN3CC(C1=O)(CN(C2)C3C4=C(C=C(C=C4)Cl)Cl)C,0
N55425,COCCCNC1=NC=NC2=C1NC=N2,0
N55898,CCCNC1=NC=NC2=C1NC=N2,0
N56004,CCN1CCN(CC1)CCCNC2=NC=NC3=C2NC=N3,0
N56653,CC1=C2C(=CC=C1)SC(=NC(=O)CN3C(=O)CCC3=O)N2CC#C,0
N57201,C1C2CN(CC1C3=CC=CC(=O)N3C2)CC4=C(C=CC=C4Cl)F,0
N57310,CC1(C2=CC=CC=C2N(C13C=CC4=C(O3)C=CC(=C4)O)C)C,0
N57326,CC(CCCC(C)(C)O)NCCO,0
N57608,CC1(OC(C(O1)C(=O)N)C(=O)N)C(C)(C)C,0
N59053,CC(C)(C#N)N(C=C[N+](=O)C(C)(C)C#N)[O-],0
N59152,CN1CCN(CC1)C(=O)COC2=CC=CC(=C2)OC,0
N59200,C(CP(=O)(CCC(F)(F)F)CCC(F)(F)F)C(F)(F)F,0
N59319,C1C=CCC(C1C(=O)N)C(=O)OCC(=C(Cl)Cl)Cl,0
N60142,CN(C)C1=NC(=NP(=N1)(N(C)C)N(C)C)N(C)C,0
N60328,CCCCC1CCC(CC1)C2=NC(=NO2)C3=CC=CC=N3,0
N60371,CC1(C2=NON=C2/C(=N\O)/C(N1)(C)C)C,0
N60536,CC(C)CC12CN3CCN(C1)CC(C3)C2O,0
N60922,CC1C(OC2C(O1)N(CCN2S(=O)(=O)C)S(=O)(=O)C)C,0
N61775,CC(=CCC/C(=C/CC/C(=N/O)/C)/C)C,0
N61807,CN(C)P1(=NC(=NC(=N1)C(F)(F)F)C(F)(F)F)N(C)C,0
N62111,CC1CCCC(N1C(=O)CCSC(=O)C)C(=O)O,0
N62337,CC1CC(NCCNC(CC(NCCN1)(C)C)C)(C)C,0
N63251,CCSC(C)CC1CC(=O)CC(=O)C1,0
N63297,CCC1=C(N=C(N=C1OCC(C(F)F)(F)F)N)C,0
N63445,CC1=CC(=NC(=C1)/N=C/2\C(=NSS2)Cl)C,0
N63473,[Li+].C(=O)([O-])[O-],0
N63495,C1=CC(=CC=C1N)[As](=O)(O)O,0
N63504,C(CN(CC(=O)[O-])CC(=O)[O-])N(CCO)CC(=O)[O-].[Na+],0
N63506,C1[C@@H]([C@H](O[C@H]1N2C=NC3=C(N=CN=C32)N)COP(=O)(O)O)O,0
N63513,C([C@@H]1[C@H]([C@@H]([C@H]([C@@H](O1)O[C@]2([C@H]([C@@H]([C@H](O2)OS(=O)(=O)[O-])OS(=O)(=O)[O-])OS(=O)(=O)[O-])COS(=O)(=O)[O-])OS(=O)(=O)[O-])OS(=O)(=O)[O-])OS(=O)(=O)[O-])OS(=O)(=O)[O-].O.O.O.[Al],0
N63521,C1=C(C(=C(C(=C1Cl)Cl)CC2=C(C(=CC(=C2Cl)Cl)Cl)O)O)Cl,0
N63524,C(CN)CS(=O)(=O)O,0
N63555,C(CC(C(F)F)(C(=O)O)N)CN.Cl,0
N63557,CC1=CC(=C(C(=C1)C(C)(C)C)O)C(C)(C)C,0
N63562,CC[C@@H]1[C@@]([C@H]2[C@H]([C@H]([C@@H](C[C@@]([C@@H]([C@H]([C@@H]([C@H](C(=O)O1)C)O[C@H]3C[C@@]([C@H]([C@@H](O3)C)O)(C)OC)C)O[C@H]4[C@@H]([C@H](C[C@H](O4)C)N(C)C)O)(C)O)C)N[C@H](O2)COCCOC)C)(C)O,0
N63574,C(C#N)C(=C(C#N)C#N)N,0
N63576,C1CN2C[C@@H]([C@H]([C@@H]([C@H]2[C@H]1O)O)O)O,0
N63601,C[N+]1(CCOC(C1)(C2=CC=C(C=C2)C3=CC=C(C=C3)C4(C[N+](CCO4)(C)C)O)O)C.[Br-],0
N63623,C[C@@H]1CCC[C@H](/C=C/C(=O)O[C@]23[C@@H](/C=C/C1)[C@@H](C(=C)[C@H]([C@H]2[C@@H](NC3=O)CC4=CC=CC=C4)C)O)O,0
N63667,CCN\1C2=CC=CC=C2S/C1=C\C=C\C=C\C3=[N+](C4=CC=CC=C4S3)CC.[I-],0
N63693,CC(C)C[C@H]1C(=O)N2CCCC2[C@]3(N1C(=O)[C@](O3)(C(C)C)NC(=O)[C@H]4CN(C5CC6=CNC7=CC=CC(=C67)C5=C4)C)O,0
N63697,C[C@]12CC[C@](C[C@H]1C3=CC(=O)[C@@H]4[C@]5(CC[C@@H](C([C@@H]5CC[C@]4([C@@]3(CC2)C)C)(C)C)O)C)(C)C(=O)O,0
N63721,CC(C)[C@@H](C(=O)N[C@@H](CC1=CC=C(C=C1)O)C(=O)O)NC(=O)[C@H](CC(=O)O)NC(=O)[C@H](CCCCN)NC(=O)[C@H](CCCN=C(N)N)N,0
N63731,C1[C@@H](C2C(O1)[C@H](CO2)O)O,0
N63922,CC/C(=C\C=C\[C@@H]1C=C[C@@H]2CCC[C@H]2[C@@H]1C(=O)C3=CC=CN3)/[C@H]4[C@H](CC[C@@H](O4)[C@@H](C)C(=O)[O-])C.[Na+],0
N64035,CC1=CC=C(C=C1)[C@H]2N(N=C(S2)C)/C(=N\C3=NN=C(S3)C)/NC4=CC=C(C=C4)C(C)(C)C,0
N64150,CCN1C(=C(C(=N1)C)/C=N/NC(=O)C(C(C(C(C(C(F)(F)F)(F)F)(F)F)(F)F)(F)F)(F)F)C,0
N64168,CC1=CC(=O)C(=CC1(C)C(Cl)Cl)C,0
N64170,CC1=CC=C(C=C1)/C=C/C2C(C(C2(OC)OC)(OC)OC)(C#N)C#N,0
N64369,C[C@H](/C=C/C=C(/C)\[C@H]1CN[C@@H]([C@H]1CC(=O)O)C(=O)O)C(=O)O,0
N64378,C[C@]12C[C@]1(C(=C[C@H]3[C@@H]2CC(C3)(C)C)C=O)C=O,0
N64379,CCCCC(C)C(C(CC(C)CC(CCCCC(CC(C(C)N)O)O)O)OC(=O)CC(CC(=O)O)C(=O)O)OC(=O)CC(CC(=O)O)C(=O)O,0
N64380,CC[C@@H]1C=C(C[C@@H](C[C@@H]([C@@H]2[C@H](C[C@H]([C@@](O2)(C(=O)C(=O)N3CCCC[C@H]3C(=O)O[C@@H]([C@@H]([C@H](CC1=O)O)C)/C(=C/[C@@H]4CC[C@H]([C@@H](C4)OC)O)/C)O)C)OC)OC)C)C,0
N64720,C1=CC=C2C(=C1)C=CC=C2N=NC3=CC(=C(C=C3)O)/C=N\NC(=O)C4=CC=C(C=C4)N,0
N65662,CCC(C)(C)NC(=O)C(C1=CC=CC=C1)N(C2CC2)C(=O)C3=CSN=N3,0
N65668,C1CCC(CC1)NC(=O)C(C2=CN=CC=C2)N(C3CCCC3)C(=O)C4=CSN=N4,0
N66531,CC(C)N1C2C(N(S1(=O)=O)C(C)C)OC(O2)C3OC4C(O3)N(S(=O)(=O)N4C(C)C)C(C)C,0
N67992,C1CC2=C(C1)[N+](=O)C3=CC=CC=C3N2[O-],0
N68046,CCOP(=O)(C(C(Cl)(Cl)Cl)NC(=O)C)OCC,0
N68063,CC\1(C2=CC=CC=C2N(/C1=C\C=C\C3=[N+](C4=C(C3(C)C)C5=CC=CC=C5C=C4)C)C)C.[O-]Cl(=O)(=O)=O,0
N68064,CCOP(=O)(C(C(Cl)(Cl)Cl)NC(=O)C(Cl)Cl)OCC,0
N68222,CC1=CC2=C(C(=C1)C=O)OC3(C=C2)N(C(=O)C4=CC=CC=C4O3)C,0
N68441,CC1=C2C(=CC=C1)C3=C(C(N2)(C)C)SC(=C(C34SC(=C(S4)C(=O)OC)C(=O)OC)C(=O)OC)C(=O)OC,0
N68581,CCN(CC)/C=N/C1=C(C2=C(S1)C(NC(C2)(C)C)(C)C)C#N,0
N68798,CC(C)(C#CCCCCC#CC(C)(C)N(C)C)N(C)C,0
N69094,CC1=NNC(=O)C1C(C2=CC=C(C=C2)F)C(C#N)C#N,0
N69132,CC1=C(C(=NC(=N1)NC(=O)C)SC)Br,0
N69565,CN(C)CCCNC1=CC(=O)OC12CCCCC2,0
N69963,CC1=C2C3=C(C4=NON=C4CC3)NC2=C(C=C1)C,0
N70971,CCC(C)(C)N1C(=NN=N1)CN2CCC3=CC=CC=C32,0
N71423,CNC1=NC(=NC(=N1)OCC(F)(F)F)N2CCN(CC2)C34CC5CC(C3)CC(C5)C4,0
N71491,COC1(C(C(C1(OC)OC)(C#N)C#N)/C=C/C2=CC=C(C=C2)Cl)OC,0
N71555,C1CC1C2=NC3=C(C=C(C=C3)Br)C(=C2)C(=O)N4C(CC(=N4)C(F)F)(C(F)F)O,0
N71690,C1CN(C2=CC=CC=C2[N+]3=C1SC=C3)C=O.[Br-],0
N72429,CCN(C1=NON=C1OC)N=NC2=NON=C2OC,0
N72575,CC1=CC=C(C=C1)S(=O)(=O)N[C@H](/C=N/O[C@H]2C=C[C@H](O[C@@H]2CO)CC=C)[C@H](C)/C=C/CC(=O)OC,0
N72594,CC1=CC2=C(CCCCN2CC/C(=N/OC[C@@H]3[C@H](C=C[C@H](O3)C4=CC=CC=C4)OC5=CC=C(C=C5)OC)/C)N=C1C,0
N72600,CC1=CC2=C(CCCCN2CC/C(=N/O[C@H]3[C@@H]([C@H]([C@@H]([C@H](O3)COC(=O)C)OC(=O)C)OC(=O)C)OC(=O)C)/C)N=C1C,0
N72618,CC1=CC=C(C=C1)S(=O)(=O)N[C@H](/C=N/O[C@H](C)C2=CN(N=N2)[C@@H]3COC[C@H]3O)[C@H](C)/C=C/CC(=O)OC,0
N72664,CC1=CC2=C(CCCCN2CC/C(=N/OC[C@H]([C@@H]3[C@@H]([C@@H]4[C@H](O3)OC(O4)(C)C)O)O)/C)N=C1C,0
N72733,C[C@H]([C@@H](C(=O)N1CCN(CC1)C2=NC(=NC(=N2)N3CCN(CC3)C(=O)[C@H](CC4=CC=C(C=C4)O)N5C=C(N=N5)CCO)NCCOCCOCCOCC#C)N6C=C(N=N6)CCCC[NH3+])O.[Cl-],0
N73109,CC1=CC2=NC(=CN2C=C1)C3=C(ON=C3)C,0
N73209,CCC(C)S(=O)(=O)C1=C(N=NS1)C,0
N73533,CC(C)C1=NC2=NNC(=C2C3=C1CSC(C3)(C)C)N,0
N73656,CC(C(C)(C)NO)[NH2+][O-].[Cl-],0
N73902,C1=CC=C(C=C1)N/C=C(/C#N)\C2=CSC=C2,0
N74249,C1=CC=C(C=C1)C2=NC(=CC(=N2)SC3=CC=CC=C3)CS(=O)C4=CC=CC=C4,0
N74321,CN(C)CC#CCCCCCCC#CCN(C)C,0
N74351,CCO.CN1CC=C2[C@H](C1)[C@H](C(C(=C2C#N)N)(C#N)C#N)C3=COC=C3,0
N74411,C1=CC(=CC(=C1)Cl)C(C#N)C2=NC3=C(C=C2)C(=CC(=N3)C(F)(F)F)C(F)(F)F,0
N74441,CC1=CC(=CC=C1)N2C(=S)N=C(C23CCOC(C3)(C)C)NC4=C(C=CC=C4C)C,0
N74455,C1=CC=C(C=C1)C(C(F)(F)F)OP(=O)(O)OC2=CC=CC=C2,0
N74716,CCCSC1=NN=C(N1N)C(C)C,0
N74752,CC1=NN(C(=C1)NC2=CC=CC=C2)C3=CC=C(C=C3)Br,0
N75388,C1CC[N+]2(C1)CC3CC4=C(C=C3C2)C5=CC=CC=C5C=C4.[Br-],0
N75461,C1=CC=C(C=C1)/C(=N\S(=O)(=O)C2=CC=CC=C2)/SC3=CC=CC=C3,0
N75506,CC(C)(C)CC(C)(C)NC1=CC(=O)OC12CCCCC2,0
N75792,CCSC1=NC=C(C(=N1)N)C#N,0
N76393,CC(C)(C)CC(C)(C)NCC(COC1=C(C=C(C=C1F)Br)F)O.Cl,0
N76395,CCCC(=O)C1C(=O)CC(CC1=O)CC(C)SCC,0
N76531,CC1=CC=CC=C1CN2C=CC(=N2)NC(=O)C3=C4NC(CC(N4N=C3)C(F)(F)F)C5=CC=CC=C5,0
N78046,C1=CC(=CC=C1CC2C(=O)NC(=O)S2)N,0
N78415,CCS(=O)CCSC(=N)N.Br,0
N78423,CCC1=[N+](CCN2C1=CC=C2C)C.[I-],0
N78448,C1CSC2(N1)C3CC4CC2CC(C3)C45NCCS5.Cl,0
N78696,CC(=O)OC1C2CCCC1C(CC2)[NH+]3CCCC3.[Cl-],0
N78710,CC1(OC(C(O1)C(=O)N(C)C)C(=O)N(C)C)C,0
N79584,CC1=C(C=C(C=C1)C(=O)C2=CC=C(C=C2)[N+](=O)[O-])C,0
N79786,CCC1=CC2=C3C(=C1)/C(=C/4\C(=O)N=C(S4)N)/C(=O)N3C(C=C2C)(C)C,0
N79835,CC1C2C(C(C=C1C)C=C(C)C)C(=O)NNC2=O,0
N80804,CC(=C)C1CCC(=CC1)CN2CCC(CC2)O,0
N80956,C1C=C(CC2C1C(=O)N(C2=O)CCCCCCN3C(=O)C4CC=C(CC4C3=O)Cl)Cl,0
N81263,CC(C)CC\1CN2CCC3=CC(=C(C=C3C2C/C1=N\O)OC)OC,0
N81941,C1COCCN1C2=CC=C(O2)/C=C\3/C(=O)N(C(=O)S3)CC4=CC=C(C=C4)F,0
N82542,CC1=C(C=C(C=C1)NC(=O)C(=O)NCC2=CC=C(O2)/C=C/3\C(=C(C(=N3)C)C(=O)OC)O)C,0
N83163,CCC1=NN=C(N1N)SCCSC2=NN=C(N2N)CC,0
N84603,CC(=O)/C(=C(/C=C/C=C/C=C/N(C)C)\N(C)C)/C(=O)OC,0
N84607,CN(CP(=O)(CN1CCCCC1)O)C=O,0
N84634,CC1=CC(=O)C=CC1(C)C(Cl)(Cl)Cl,0
N84919,CCOP(=O)(C(C(Cl)(Cl)Cl)NC(=O)C(C)C)OCC,0
N85023,CC1=CC(=O)C=CC1(C)C(Cl)Cl,0
N85286,CCN1CC=C2[C@H](C1)[C@H](C(C(=C2C#N)N)(C#N)C#N)C3=COC=C3,0
N85411,C1=CC=C(C(=C1)C(=O)NN2C(=C(SC2=S)C=C3N=C4C=CC=CC4=N3)O)Cl,0
N85427,CC1=CC(=O)NC2=C1C=CC(=C2)O,0
N85658,CN(C)C1=NC(=NC(=N1)Cl)N(OC)S(=O)(=O)C2=CC=CC=C2Cl,0
N85751,CC1CN(CCN1C(=S)NC2=CC=CC=C2)C3=C(C=C4C(=C3OC)N(C=C(C4=O)C(=O)O)C5CC5)F,0
N85914,CCC(C(=O)OC1=CC(=CC2=C1C3=C(CCC3)C(=O)O2)C)NC(=O)OC(C)(C)C,0
N86149,CC1(C2(C1(C3(N=C2N)OCCO3)C#N)C#N)C,0
N86167,CC(C)(CS(=O)(=O)[O-])NC(=O)CC[N+](C)(C)CCO,0
N86539,COC1=CC(=C(C=C1NC(=O)C2CC(=O)NC3=C2C(=O)CCC3)OC)Cl,0
N86575,CC1=CC=C(O1)C2C3=C(C(=O)N2CCCN4CCOCC4)OC5=CC=CC=C5C3=O,0
N86785,CCCCC1=CC=C(C=C1)NC=C2C(=O)OC3(CCCCC3)OC2=O,0
N86869,CCC1=CC(=C(C=C1O)O)/C(=N/O)/CC2=CSC(=N2)C,0
N87144,C1=CC(=C(C=C1CSC2=NN=C(O2)CCCCCN)Cl)Cl.Cl,0
N87456,C=CN1C=CN=C1P(=S)(C2=NC=CN2C=C)C3=NC=CN3C=C,0
N88377,CCC1=CC=[N+](C=C1)C2=NC3=CC=CC=C3N=C2C(=C=[N-])C#N,0
N88514,CC1=CC2=C(C(=C1)/C=C/C(=O)C3=CC=CC=C3)OC4(C=C2)N(C(=O)C5=CC=CC=C5O4)C,0
N89081,CC1CCCC(C1C)NC(=O)COC(=O)CC2CCCC2,0
N89255,CCOC1=CC(=C(C(=C1)C)C2=C(C(=NO2)C(F)(F)F)C3=CSC(=N3)C)O,0
N90908,CN1C(=C(C(=O)N(C1=O)C)/C=N/C2=NC=CC=N2)O,0
N91199,CC1=CC=C(O1)/C=N/NC(=S)NC(C)C,0
N91461,CCN(CC(=C)C)C1=C(C2=C3CC(=O)N(C3=NC(=C2C(=N1)N)N)C45CC6CC(C4)CC(C6)C5)C#N,0
N91588,CCC1=CC(=C(C=C1O)O)/C(=N\O)/CC2=CSC=N2,0
N92847,CC1=CC(=C(C(=C1C)S(=O)(=O)N2C(C(=O)NC2=S)CC(C)C)C)C,0
N93027,CCN1CC2(CCC(C34C2C(C(C31)(C5(CC(C6CC4C5C6OC)OC)O)O)OC)OC)COC(=O)C7=CC=CC=C7N,0
N93285,CC1=CC(=C(C(=C1C)S(=O)(=O)N2C(C(=O)NC2=S)C(C)C)C)C,0
N94641,CC(=O)N1C2C3N(C4C(N3C(=O)C)N(C(C1N4C(=O)C)N2C(=O)C)C(=O)C)C(=O)C,0
N94685,COC1=C(C=C(C=C1)C2C(=C(N(C3=C2C(=O)CCC3)C4=CN=CC=C4)N)C#N)CN5C=C(C=N5)[N+](=O)[O-],0
N94964,CC1=C(C(=C(O1)CC(C)C)CN)C(=O)O.Cl,0
N95477,CC1=C(N=C(S1)N2C(=O)C3C4CCC(C3C2=O)C4=C(C)C)C5=CC=C(C=C5)C(C)C,0
N96627,C1=CC=C(C=C1)C2=NC(=CC(=N2)OC3=CC=CC=C3)CS(=O)C4=CC=CC=C4,0
N96832,COCCOC1=C(C=C(C(=C1)N2C=CN=C2SC)Cl)Cl,0
N97583,CC1(CC2=C(CO1)SC3=C2C(=N)N(C=N3)N)C,0
N98027,CC1(C2CCC1(/C(=N/N=C/3\NC(=O)/C(=C\C4=CC=C(C=C4)OC)/S3)/C2)C)C,0
N99852,CC(C)CCOCC1CC(C(=O)O1)C/C(=N/NC(=S)N)/C,0
N100162,CC1(CC2(CC(C3=CC(=C(C=C3O2)O)Cl)C4=CC=CS4)NC(=S)N1)C,0
N100650,C1=C(C=C(C(=C1/C=N/NC2=NN=CN2N)O)Br)Br.Cl,0
N101057,CC1=C(C(=CC=C1)OC2=NC=NC3=C2C(=NO3)C)C,0
N102116,C1=CC=C2C(=C1)N=C(C(=N2)C(F)(F)F)C(C#N)C3=CC=C(C=C3)Cl,0
N102139,CC1=CC(=CC(=C1)OC2=NC(=C(C=C2C#N)C(=O)C)C)C,0
N102270,CCN(CC)C1=NC(=NC2=C1SC=C2)SCC=C,0
N102452,CNC1=NC(=NC2=C1SC=C2)SCC=C,0
N102895,CC\1=NOC(=O)/C1=C/C2=CC=C(C=C2)N(C)C,0
N103001,CN1CCCC1CCNC2C3CC4CC(C3)CC2C4,0
N103092,C1=CC=C(C=C1)NN2C=NC3=C(C2=N)C=NN3,0
N103110,CC1C(N(C(=O)C(=O)N1OC)OC)(C)C,0
N106506,CC1C/C(=N/N2C(=O)CSC2=S)/CC(C1)(C)C,0
N106632,CC(=O)OC1=CC(=C(C=C1)OC(=O)C)SCCCCC[NH+]2CCOCC2.[Cl-],0
N107003,CCC(=S)/C=C\1/N(C2=CC=CC=C2S1)CCCS(=O)(=O)[O-].[Na+],0
N108484,CC(C)N(CC#CCC1(C2=CC=CC=C2C3=CC=CC=C31)O)C(C)C.Cl,0
N109169,CC1=CC=C(C=C1)C2(CCOC(C2)C(C)C)CCN,0
N110536,C1=CC(=CC=C1C2=CSC3=C2C(=NC=N3)Cl)Br,0
N110821,C1C(C1(Cl)Cl)CS(=O)CC2CC2(Cl)Cl,0
N111175,CC1(CS(=O)(=O)CC1S(=O)(=O)[O-])NC(=O)CC[N+](C)(C)CCO,0
N111820,C[C@]1(C[C@@]23C[C@H]([C@]4(C(C[C@@H](C4(C)C)O)C(=C)[C@H]2CC[C@@H]1[C@H]3O)O)O)O,0
N112159,C1=CC=C(C=C1)N2C(=C(SC2=S)C=C3N=C4C=CC=CC4=N3)O,0
N112240,C[C@@]12CC[C@@H]3[C@]4(C=CC(=O)C([C@@H]4C[C@H]([C@]3([C@@]15[C@H](O5)C(=O)O[C@H]2C6=COC=C6)C)O)(C)C)C,0
N112651,CC1=CC2=C3C(=C1)C(=CC(N3C(=C2N=NC(=S)N)O)(C)C)C,0
N113505,C[N+]1(CCCC1)CC2COC3(O2)CCCCC3.[I-],0
N113591,CC1C=C(C2C(C1COC2C3=C[N+](=CC=C3)C)C)C.[I-],0
N113707,C1CCCCCC2(CCCCC1)OCC(O2)CN3CCOCC3,0
N114052,CC1(C2=CC=CC=C2[N+](=C1/C=C/NC3=CC=CC=C3Cl)C)C.[I-],0
N114158,CC1=CC2=C(C=C1)SC(=[N+]2CCC(C)S(=O)(=O)[O-])C,0
N114699,COC(=O)C12CCC3(C(C1)(CCC24SCCS4)C(=O)OC)SCCS3,0
N115520,C=CCN1C=C/C(=C\C=C(C#N)C#N)/C2=CC=CC=C21,0
N115593,CC1(CC(=CC(N1C=O)(C)C)C2=CC=C(S2)C=O)C,0
N116147,CC(C)(C)C1=NC2=C(C=C(C=C2Br)Br)C(=O)O1,0
N116559,CC1CC(=CCC1/C=N/NC(=O)N)CCC=C(C)C,0
N117121,C1CC2=NON=C2/C(=N/OCC3=CC=CC=C3Cl)/C1,0
N117746,CCCOCC1CC(C(=O)O1)CCC2=NC(=S)NN2,0
N118085,CC1=CC2=C(C=C1)C3=C(C(N2)(C)C)SSC3=NC4=CC=C(C=C4)S(=O)(=O)NC(=O)C,0
N118399,CCCCC1=NC(=C(C2=C1CSC(C2)(C)C)C#N)Cl,0
N118687,CCCCOC(=O)C[N+](C)(C)CCOC1CC2CCC1(C2(C)C)C.[Br-],0
N119029,CC1=CC(=C(C=C1N=O)C(C)C)NO,0
N119154,CC1(C(N(C(=O)C(=O)N1OC)OC)(C)C)C,0
N119242,CC1=CC(N2C3=C(C=CC=C13)C(=C2O)N=NC(=S)N)(C)C,0
N119812,C1C(NC2=CC=CC=C2N=C1C3=CC=CC=C3)C4=CC=CC=C4Br,0
N121098,CCC1=CC=C(C=C1)C2C3=C(CCCC3=O)NC(=S)N2,0
N123567,CC(=O)NC(=S)NC1=C(C2=C(S1)CCCCC2)C#N,0
N123820,C[NH+]1CCC2(CC1)C(=C(NC(=C2C#N)[S-])N)C#N,0
N124125,C1C2C3C4C\5C(C1C3/C5=N\O)C2C4Br,0
N124641,C[C@@H]1C(=O)O[C@H]2[C@]1(C34C(=O)O[C@H]5C3([C@H]2O)C6([C@@H]([C@H]5O)C(C)(C)C)[C@H](C(=O)O[C@@H]6O4)O)O,0
N125347,C1=CC(=C(C2=C1SC(=N2)NN)Cl)Cl,0
N125492,CC1=C(C(=C(C(=C1C)C)/C=[N+](/C)\[O-])C)C,0
N125683,C[C@@H]1C(=O)O[C@H]2[C@]1(C34C(=O)O[C@H]5C3([C@H]2O)C6([C@@H](C5)C(C)(C)C)[C@H](C(=O)O[C@@H]6O4)O)O,0
N127503,CC1(CC(CC(N1)(C)C)NC(=S)NCC=C)C,0
N127665,CCN1CC2(CC=C(C(C2)(C1)[N+](=O)[O-])OC)[N+](=O)[O-],0
N127699,C1COC2(O1)C3C4C5C2(C6C5C4(C63)NC(=O)NC78C9C1C7C2C8C9C1(C21OCCO1)Br)Br,0
N128564,C1=CC(=CC=C1N=C(N)N=C(N)N)SC(F)(F)F.Cl,0
N128646,CC(=CCOC1=C2C(=CC3=C1OC=C3)C=CC(=O)O2)C,0
N128657,C1[C@@H]([C@H](OC2=C1C(=CC3=C2[C@@]4([C@H](O3)C5=CC=C(C=C5)O)C(=O)C6=C(C=C(C=C6O4)O)O)O)C7=CC=C(C=C7)O)O,0
N128664,CC1(C(=CC(=O)C2=C1SCC(=O)N2)CO)C,0
N128673,C[C@@H]1CC[C@@]2([C@@H]([C@@]1(C)CC/C(=C/C(=O)O)/C)CCC=C2C)C,0
N128691,COC1=C(C2=C[N+]3=C(C=C2C=C1)C4=CC5=C(C=C4CC3)OCO5)OC.Cl,0
N128700,C1=CC(C=CC1=O)(C2=CC(=O)C3=C(C=C(C=C3O2)O)O)O,0
N128706,C[C@]12CC[C@@H](C(C1CC[C@@]3(C2CC=C4[C@]3(CC[C@@]5(C4CC(CC5)(C)C)C(=O)O)C)C)(C)C)O,0
N128707,CC1=C2[C@@H]3[C@H]4[C@@](O4)(CC[C@H]5[C@](O5)([C@H]([C@]2(OC1=O)O)OC(=O)C)C)C(=O)O3,0
N128710,CC1=CC2=C(C(=C1)O)C(=O)C3=C(C2(C4C(C(C(C(O4)CO)O)O)O)O)C=CC=C3O,0
N129067,CC1=CC=CC=C1N=CC=C2OC(C(O2)(C)C)(C)C,0
N129343,CC(C)NC(=S)N/N=C/C1=CCC2CC1C2(C)C,0
N129948,CN1CC2(CC=C(C(C2)(C1)[N+](=O)[O-])OC)[N+](=O)[O-],0
N131727,CC(C(=O)NC1=NC=C(C=C1)Cl)SC2=NN=CN2C,0
N132793,CCN(CC)S(=O)(=O)C1=CC=CC(=C1)C(=O)NC(CC2=CNC3=CC=CC=C32)C4=NN=C5N4CCC5,0
N133128,COCCN(CCOC)CC1=C(N2C=CC=NC2=N1)Br,0
N133405,CCN(CC)C1=CC(=[N+]2CCCC2)CC(C1)(C)C.[I-],0
N134855,C1=CC2=C(C3=CSC=C3C=N2)[N+](=C1)[O-],0
N134886,C=CC[C@@H]1CC2=C(C=CC(=C2[C@H](N1)CC=C)Br)Br.Cl,0
N135267,CC1=NN(C(=C1)C(=O)N2C(CC(=N2)C(F)F)(C(F)F)O)C,0
N135313,CC1=C(C(=NN1C)C(=O)N2C(CC(=N2)C(F)F)(C(F)F)O)Br,0
N135464,CC1=C[C@H]2CC3=CC(=CC(=C3S(=O)(=O)[C@@H]2C=C1)C)C,0
N135518,CC1=CC(=[N+](O1)C2C3CC4CC(C3)CC2C4)C.[O-]Cl(=O)(=O)=O,0
N135732,CN(CCCO)CC/C=C\1/C2=CC=CC=C2CSC3=CC=CC=C31.Cl,0
N135802,CCCCNC(=O)C1C2CC(C1C(=O)O)C=C2,0
N135892,C1CN2CCC1C3(C2C(NO3)C4=CC=CC=N4)O.Cl,0
N136096,CN(C)CC/C=C\1/C2=C(CSC3=C1C=C(C=C3)F)C=CC(=C2)F,0
N136246,C[C@@]1(CC2=C(C[C@@H]1C(=O)O)C=NO2)C(=O)O,0
N136415,CCCCC1=C(C2C(=[N+](C1=O)C3=CC=CC=N3)C=CC=N2)[O-],0
N136744,COC1=C(C(=CC(=C1)/C=N\N2C(=NN=N2)N)Br)OCC=C,0
N136999,CC1=C(N=C2C(=N1)C(=O)N(C(=S)N2)C)C,0
N137044,CC1=C(N=C2C(=N1)C(=O)NC(=S)N2C)C,0
N137239,CC1=CCC2C1[C@@H]3C([C@H](C[C@@]2(C)O)OC(=O)C)C4(CC56C=CC4(C5[C@@H]7C(CC[C@@]6(C)O)C(=C)C(=O)O7)C)C(=O)O3,0
N137490,CC1=NC2=C(C(=N1)Cl)OCC(=O)N2CC(=O)N,0
N137556,C1COC2(O1)C3C4C5C4C2(C6C3C56NC(=O)NC78C9C1C9C2(C7C8C1C21OCCO1)Br)Br,0
N137667,CC1C(NC2=C(N1)C(=O)NC(=N2)N(C)C)C.O.Cl,0
N137684,C1CCCC2=C(CC1)C(=C(S2)NC(=O)C3CC=CCC3C(=O)O)C#N,0
N137801,C1CC12C3C=CC2C4C3C(=O)N(C4=O)/N=C/C5=CC=C(O5)[N+](=O)[O-],0
N138101,CC(C)(C)C1CCC2=C(C1)SC=C2C(=O)NNC(=O)/C=C/C(=O)O,0
N138280,CC1=CC=C(S1)/C=C\2/C(=O)SC(=N2)SC,0
N139335,C1=CC(=CC=C1C2=CC(N3C(=NC=N3)N2)C4=CC=C(O4)Br)F,0
N140186,C1=CC=C(C(=C1)C#CCCCCO)N,0
N140833,CC(=O)SCC(=O)N=C1N(C2=C(S1)C=C(C=C2)F)CC#C,0
N141967,CC(C)/C=N\N=C(\N)/N[N+](=O)[O-],0
N142563,C1=CC(=CC=C1[N+]2=NOC(=C2)[O-])[N+]3=NOC(=C3)[O-],0
N144240,C1CCC2(CC1)N=C3C(=CC=C(C3=NCCC4=CC=CC=C4)[N+](=O)[O-])N2O,0
N145530,CC[N+](CC)(CC=C(C)C)CC(=O)OC.[Cl-],0
N145715,C1=CC=C(C=C1)C2=CC(=[N+](C(=C2)C3=CC=CC=C3)C4=CC=CC=C4)C5=CC=CC=C5.[O-]Cl(=O)(=O)=O,0
N146551,C1CC2CN(CCN2C1)C3=NC4=NON=C4N=C3N5CCSCC5,0
N146713,C1CCC(CC1)[N+]2=CC(=N)O[N-]2.Cl,0
N146877,CC1=C(C=C[N+](=C1)C)CC2C(=C[N-]C3=NC=NN23)[N+](=O)[O-],0
N147387,CC1(CC(C(=O)O1)CC2=NC(=S)NN2)C,0
N147505,CCCC(C)C1=NN=C(S1)NS(=O)(=O)C,0
N148391,CCCC[N+]1=C(SC2=C1C=C(C=C2)C)C.[Cl-],0
N148664,CC(C)C1CC2=C(CO1)C=C(C(=O)N2)C#N,0
N148885,CC1=CS(=O)(=O)CC1SC2=NC(=N[NH2+]2)C.[Br-],0
N149273,C1C(=NNC(=O)S1)CSC2=NNC(=S)S2,0
N149596,C1=CC=C2C(=C1)C(=O)C3=C(O2)C(=O)N(C3C4=CC=C(C=C4)O)C5=NC=CS5,0
N149853,CCC(C)C12CN3CCN(C1)CC(C3)(C2O)C,0
N150292,CC1CC(C(C1(C#N)C#N)(C#N)C#N)N(C(=O)C)N(C)C,0
N150887,C1=CC=C(C(=C1)/C=C/C2=NC(=NC=C2)NS(=O)(=O)C3=CC=C(C=C3)N)F,0
N151260,C1CC[N+]2=C(C1)N(CC2(C3=CC=CS3)O)C4=CC=CC=C4.[Br-],0
N151312,CC(CN1C=C(C=N1)Cl)C(=O)NC2C3N(C2=O)C(=C(CS3)COC(=O)C)C(=O)O,0
N158880,CN(C)/C=C/1\C(=O)NC(=S)N1,0
N159332,CC1=CC2=C(C=C1C)N(C=N2)CC(C)C,0
N159403,CS(=O)(=O)N(CCC#N)CC1=CC=C(O1)C=O,0
N159714,C1C[C@H]2C[C@H]1CN2C3=NC4=NON=C4N=C3N5CCSCC5,0
N159941,CC1=CC=CC=C1N2C=C(C(=N2)C3=CC(=C(C=C3)OC)F)CNC(C)C4=CN(N=C4C)C,0
N159993,CC(CC1=CSC=C1)NCC2=C(NN=C2)C3=C(C=C(C=C3)F)F,0
N161604,CC1=CC=CC=C1C2=NC(=C(O2)C)CN(C)C(C)C3=NOC=C3,0
N161956,C1CCN(C1)C2CCN(CC2)C3=NC4=NON=C4N=C3N5CCSCC5,0
N161985,C1CCC(CC1)C2=NN=C(O2)CCC(=O)N3CCCCC3CCN4C=CC=N4,0
N162048,CCN(CC1=CC=NC=C1)CC2=C(NN=C2)C3=C(C=C(C=C3)OC)F,0
N162413,CCCC(=O)C1=C(C(C(CC1=NCC=C)(C)C)C(=O)OC)O,0
N162554,CC1C=CCC(C1C(=O)CC(C)NNC(=O)N)(C)C,0
N162819,CC1(CC2=C(CO1)SC3=C2C(=O)NC=N3)C,0
N163116,CC(C)C1CC(N2C(=CC(=N2)C(=O)O)N1)C(F)(F)F,0
N163645,CNC1=NC(=NC(=N1)N)OC(C(F)(F)F)C(F)(F)F,0
N163680,CN(C)C1=NC(=NC(=N1)Cl)N(CCOC2=CC=CC=C2)C#N,0
N164310,CC(=N/N=C(\N)/N[N+](=O)[O-])C,0
N166299,C=CCNC(=S)N1CCOCC1,0
N166861,CC(=CCC1(C(=O)C=CC2=C1N=C3C(=C2OC)C=CO3)OC)C,0
N167092,CC1CC(CC(C1)CO)CN,0
N167239,C1CNC(=C(C(=C(Cl)Cl)Cl)[N+](=O)[O-])N1,0
N167292,CCOC(=O)C[N+](C)(C)CCOC1CC2CCC1(C2(C)C)C.[Cl-],0
N167366,CC(C)C(=O)N(CCOC)C1=NN=C(S1)C2=CC=C(C=C2)C(C)(C)C,0
N169031,C1CC2=CC3=C(N=C2C1)SC(=C3N)C(=O)C4CC4,0
N169427,C1C(C(CS1(=O)=O)O)NCCO,0
N169622,CC(=O)OCC(=O)C1=CCC2C1(CC(C3(C2CCC4=CC(=O)C=CC43C)F)OC(=O)C)C,0
N170026,CCCCNC(=O)C1CCN(CC1)C2=NC(=CC(=N2)C)C,0
N170619,CC1CC(C(CN1C)C)(C#CC=C)O,0
N170698,CC1CC2(C3=C(CCCC3)CC[N+]2(C1)C)C.[I-],0
N171004,CC(C)(C(=O)O)N1C=NC=N1.Cl,0
N171049,CC1C(=O)NC2(S1)C3CC4CC(C3)CC2C4,0
N171336,CCCCN1C2=C(C=C(C=C2)F)C3=C1N=C(N=N3)NN,0
N171351,COC1=CC=C(C=C1)C2=CC(N3C(=NC=N3)N2)C4=CC=CO4,0
N172018,CCN(CC)C(=S)SC1=CCS(=O)(=O)C1,0
N172153,COC(=O)C[N+]1(CCCCC1)C(CC=C)C=C.[Br-],0
N172289,CC1COC2C(O1)NC(=N2)N[N+](=O)[O-],0
N172409,CCC/C(=C/1\C(=NC)CC(C(C1=O)C(=O)OC)(C)C)/NOCC=C,0
N172432,CC1=CC2=C(C=C1)SC(=[N+]2CCO)C.[I-],0
N172493,C(CNC1=C(C(=NC(=C1F)F)F)F)CNC2=C(C(=NC(=C2F)F)F)F,0
N173250,C[N+]1(C2CCC1CC(C2)O)CC=C.[Br-],0
N173619,C[N+]1(C2CCC1CC(C2)O)CC#C.[Br-],0
N174054,CC1=CC(=C(C=C1)C)S(=O)(=O)C2=C3N=C(C4=CC=CC=C4N3N=N2)NCCOC,0
N174139,C1C=C(C2(CC1(CN(C2)CCC(=O)O)[N+](=O)[O-])[N+](=O)[O-])OCCO,0
N174812,CN1C2([N+](=C3C1=CC=CC=C3)C)C(=C/C(=[N+](\[O-])/[O-])/C=C2)[N+](=O)[O-],0
N175084,C1=CC2=C(C(=O)N=C2C=C1)C3=C(N(C(=S)S3)NC(=O)C4=CN=CC=C4)O,0
N175174,CC\1=NC2=CC=CC=C2/C1=C/C3=C(N4C(=NC3=O)SN=C4S(=O)(=O)C(C)C)N,0
N176014,CC1=C(C(=O)NC(=O)N1)N(C)C,0
N176781,C1CN=C(N1)C23CC4CC(C2)CC(C4)C3,0
N176940,C1CN=C(N1)SCC(=O)NC2=CC=CC(=C2)C(F)(F)F.Cl,0
N176977,CC1=C(C=C(C=C1)C(=O)N2CCN=C2SCC3=CC=C(C=C3)[N+](=O)[O-])C,0
N177041,C1=CC(=CC(=C1)F)CSC2=NN=C3N2N=C(C=C3)C4=CC=NC=C4,0
N177932,C1COC(=CO1)C(=O)NNC2=NC3=C(C=C(C=C3S2)F)F,0
N177960,C1CN(NC1=O)C(=O)C(Cl)Cl,0
N177988,CN(C)/C=C\1/C(=NNC1=O)C(F)(F)F,0
N178018,CC(C)OC1=C(C=C(C(=C1)N)Cl)Cl,0
N178124,CN1C=CC(=NC=C(C#N)C#N)C2=CC=CC=C21,0
N178177,CC1=NN=C(N1N)N/N=C/C2=CC=C(O2)C3=CC=C(C=C3)Br.Cl,0
N178256,CSC1=NC(=CC(=N1)N2CCOCC2)N3CCOCC3,0
N178546,C1=CC=C2C(=C1)N=CN2C3=CC=C(C=C3)C4=CC=NC5=NC=NN45,0
N178689,C#CCN1C2=CC=CC=C2C(C1=O)(CC(=O)/C=C/C=C/C3=CC=CC=C3)O,0
N178788,CN(C)/N=C/1\CCS(=O)(=O)C2=C1C=CS2,0
N179055,C1=CN(N=C1)C2=CN=CC(=N2)N3C=CC=N3,0
N179242,C1=CC(=NC=C1CN2C=CN=C2)Cl,0
N179807,C1[C@H]2[C@@H]1[C@H](NC2)C(=O)O,0
N179901,CC1=NC2=CC(=NN2C(=C1)C(F)(F)Cl)C3=C(N(N=C3)C)C(F)(F)F,0
N180020,C1CC1C(=O)O/N=C/2\CCS(=O)(=O)C3=C2C=CS3,0
N180167,C1CNC(C2=C1SC=C2)C3=CC=C(C=C3)C(F)(F)F,0
N180329,CC12CC[C@H]3[C@H](C1(CCC2C4=CC(=O)OC4)O)CCC5(C3(CC[C@H](C5)O)/C=N/NC(=O)C6=CC=C(C=C6)O)O,0
N180339,CSC(=NC#N)N1CCN(CC1)C(=NC#N)SC,0
N181058,CC(C)(C)NC(=S)/N=C(\N)/N[N+](=O)[O-],0
N181097,CC1=C2N=CC=C(N2N=C1)C3CC3,0
N181132,C1C=CCC2C1C(=O)N(C2=O)N3C=NN=C3,0
N181391,CC(C)(C)OC(=O)C1=CN=C(S1)/N=C/N(C)C,0
N181432,CC1=CC(=C(C=C1)SC2=NC=NC3=C2C(=NO3)C)C,0
N181455,C1=CC(=CC=C1C2=NC=CC(=N2)C3=C(C=C(C=C3)Cl)Cl)O,0
N181731,CNC1=CC(=NC(=N1)SC)Cl,0
N181854,C#CCNC1=C2CCCCC2=NC3=NN=NN13,0
N181920,CC(C)OC1=CC=C(C=C1)CC2=C(NC(=S)N=C2)N,0
N182006,C1CC2C(C1)C3CC2CC34NNC(=S)NN4,0
N182292,C1CC1(C(=O)O)S(=O)(=O)CCC(=C(F)F)F,0
N182359,C1CC2=[N+](N(N=C2C3=NON=C31)C4=CC(=C(C=C4)Cl)Cl)[O-],0
N182385,CC1=CC(=C(C=C1Cl)F)C(=O)C2=CN=C(S2)/N=C/N(C)C,0
N182412,C=CCSC1=NC(=O)N2C=CC=CC2=N1,0
N182493,CC1=CC(=NC2=C1C(=C(S2)/C=C/C(=O)OC)N=CN(C)C)C,0
N182767,C1=CC=C2C(=C1)C=CC=C2C3C4=C(C5=CC=CC=C5C4=O)NC6=C3C(=O)NC(=N6)N,0
N183029,C[C@@H]1CC2C(C[C@]3(C(O2)CC4C(O3)C(=CC(=O)O4)C)C)OC5C1OC6CC7[C@](CC8[C@](O7)(C/C=C\C9C(O8)CC1C(O9)CC2[C@@](O1)(C(CC(O2)CC(=C)C(=O)O)O)C)C)(O[C@@]6(CC5)C)C,0
N183030,C[C@@H]1CC2C(C[C@]3(C(O2)CC4C(O3)C(=CC(=O)O4)C)C)OC5C1OC6CC7[C@](CC8[C@](O7)(C/C=C\C9C(O8)CC1C(O9)CC2[C@@](O1)(C(CC(O2)CC(=C)CO)O)C)C)(O[C@@]6(CC5)C)C,0
N183240,C[C@@H]1CC2C(C[C@]3(C(O2)CC4C(O3)C(=CC(=O)O4)C)C)OC5C1OC6CC7[C@](CC8[C@](O7)(CC9C(O9)C1C(O8)CC2C(O1)CC1[C@@](O2)(C(CC(O1)CC(=C)C=O)O)C)C)(O[C@@]6(CC5)C)C,0
N183619,CC1CCC2=C(N3C(=NC=N3)N=C2C1)NCC#C,0
N183750,CN\1CCO/C1=C(\C(=C(Cl)Cl)Cl)/[N+](=O)[O-],0
N183829,C1=C(C(=CC2=C1NC=N2)N)N,0
N184393,C1C=CC2C1C(NC3=C2C(=C(C=C3O)Cl)[N+](=O)[O-])C(=O)O,0
N184991,C[C@]12CCCC([C@@H]1CC[C@@]([C@@H]2CC[C@@](C)(C=C)O)(C)O)(C)C,0
N185309,C1=CSC=C1C2=C(N3C(=NC=N3)N=C2)N,0
N185341,C1=CC=C(C=C1)NC(=O)C(=O)N/N=C(/CN2C=NC=N2)\N,0
N185475,CC1=CC=C(C=C1)N/N=C/2\CCS(=O)(=O)C3=C2C=CS3,0
N185521,C1=CC(=NC2=C1C(=CC(=N2)C(F)(F)F)C(F)(F)F)N,0
N185558,CC1=C(C2=C(C=C1)C=NN2)NC(=S)N,0
N185879,C1=C(C=C(C(=O)C(=C1CO)O)CO)CO,0
N185949,C1CC1[C@@H]2C[C@@H](OC(=C2)C(=O)O)OCCCCO,0
N186131,CC1=C(C(=NN1CC(=O)NCC(=O)OC)C)[N+](=O)[O-],0
N186241,C1CCN(CC1)C2=C(C3=C4CC(OC4=NC(=C3C(=N2)N)N)CCl)C#N,0
N186643,CC1=CC(=C(N1C2=CC=CC=C2F)C)C3=NNC(=NCCCOC)SC3,0
N188070,C=CCC1CC2=C(C=CC=C2Br)C(N1)CC=C,0
N188322,C1CC2(CCCC(C1)(C2)Br)C(=O)N,0
N188546,COC1=CC(=C(C=C1)OC)C2(CSC(=NC3=CN=CC=C3)N2CC4=CC=CO4)O,0
N189419,CC1=CC=C(C=C1)C2(C(=C3N4CCCCCC4=NN3C(=O)N2)C#N)C(F)(F)F,0
N189476,C[N+]1=CC=CC=C1C\2CCCC/C2=N\NC(=S)N.[Cl-],0
N190911,C1CC2=CC3=C(C=C2C1)OC=C3CC(=O)OCC(=O)N,0
N191170,C1=CN2C=C(N=C2N=C1)CN=[N+]=[N-],0
N191373,C1C(N(C(=NC2=CN=CC=C2)S1)CC3=CC=CO3)(C4=CC=C(C=C4)OC(F)F)O,0
N191462,CC1CC(CC(C1)(C)C)OCC(C[N+]2(CCOCC2)C)O.[I-],0
N191835,CC1=CC=C(C=C1)CNC(=O)NCC2=CC=CC=C2,0
N191890,CCCCN1C(=O)C(=O)N(C1=O)CC(=O)N2C(C3CCC/C(=C\C4=CC=CO4)/C3=N2)C5=CC=CO5,0
N191908,CC(C)(C1=CC=CC=C1NC)C2=CC(=NO2)C3=CC(=CC=C3)Br,0
N191910,CC1=NC(=NN1)SCC2(CC2(Cl)Cl)C,0
N192042,CC1=CC(=C(N1CCOC)C)C2=NNC(=NC3CC3)SC2.Cl,0
N193358,C1=CC=C2C(=C1)N=CN2CCCN,0
N193769,CC1(CC(=CC(=[N+]2CCCCC2)C1)N3CCN(CC3)C(C4=CC=CC=C4)C5=CC=CC=C5)C.[I-],0
N194818,CC(C)CC(C1=CN(N=N1)[C@@H](CCC(=O)O)C(=O)N2CCN(CC2)C3=NC(=NC(=N3)NCCOCCOCCOCC#C)N4CCN(CC4)C(=O)[C@H](CC5=CC6=CC=CC=C6N5)N7C=C(N=N7)C(CC(C)C)N)N.Cl,0
N194838,CC(C)CC(C1=CN(N=N1)[C@@H](CC2=CC3=CC=CC=C3N2)C(=O)N4CCN(CC4)C5=NC(=NC(=N5)N6CCN(CC6)C(=O)[C@H](CCC(=O)O)N7C=C(N=N7)C(CC8=CC=C(C=C8)O)N)NCCOCCOCCOCC#C)N.Cl,0
N195024,CC1CCC2=C(C1)C=C(S2)C3=NNC(=S)O3,0
N195055,CC1=CC(=C(N1CCOC)C)C2=NNC(=NC(C)(C)C)SC2,0
N195231,C1CC2C(N(N=C2/C(=C/C3=CC=CO3)/C1)C(=O)CSC4=NC=CC(=O)N4)C5=CC=CO5,0
N195315,CC(C)CN1C2=C(C(=S)N=C(N2)CC(C)(C)C)C(=O)N(C1=O)C,0
N195378,CCC(CC)C1=NN=C(S1)NC(=O)C2=NNC(=O)CC2,0
N195731,C1=CC(=CC(=C1)S(=O)(=O)NCC(=O)OCC(=O)C2=CC=CN2)C#N,0
N196505,CCNC(=O)NC(=O)C(C)OC(=O)CNS(=O)(=O)C1=C(C=C(C=C1Cl)Br)Cl,0
N196675,C1CN(CCN1CC2=NC3=C(C=C(C=C3Br)Br)C(=O)N2)S(=O)(=O)C4=CC=CS4,0
N197297,CC1=C(NC(=C1C(=O)OC)C)C2=CSC(=N2)N,0
N197426,CC1=CC=C(C=C1)C2=C(SC(=N2)N)C,0
N197732,CCSC1=NN2CCS(=O)(=O)N=C2S1,0
N197745,C1COCCN1S(=O)(=O)C2=CC=C(C=C2)C(=O)N=C3C4=CC=CC=C4CN5C=CC=CC5=N3,0
N198213,CC1=CC=C(S1)C2=NC(=C(O2)O)/C=C/3\C(=NC4=CC=CC=C43)C,0
N199064,C1C2=C(C(=CC(=C2)[N+](=O)[O-])COC(=O)CCCN=C3C4=CC=CC=C4S(=O)(=O)N3)OCO1,0
N199112,C1C2=CC=CC=C2N3C=CC=C3C(N1)C4=CC(=C(C=C4)O)Cl,0
N199402,C1C(=O)N(C(=S)S1)NC(=O)C(=O)NN2C(=O)CSC2=S,0
N199547,CNCC(C(C(C(CO)O)O)O)O,0
N199867,CC[C@H](C)/C=C(\C)/C=C/C1=CC2=CC(=O)[C@]3([C@@H](C2=CO1)[C@@H](C(=O)O3)C(=O)C)C,0
N199873,CCC(C)/C=C(\C)/C=C/C1=CC2=C(C(=O)C(C(=O)C2=CO1)(C)OC(=O)C)Cl,0
N199896,CCC(C)/C=C/C1=CC2=C(C(=O)C3(C(C2=CO1)C(C(=O)O3)C(=O)C(C)C(C)O)C)Cl,0
N199902,CC1C2C(NC(=O)C23C(/C=C(/CCC(C(/C=C/C3=O)O)O)\C)C=C1C)CC(C)C,0
N201009,CC1(C(=O)N(C(=O)N1)CC2=CC(=O)N3C=CSC3=N2)C,0
N201179,CC1C=CCC(C1C(=O)CC(C)N(C(=O)C)NC(=O)N)(C)C,0
N201214,C1CCC23C(C1)CC4=C(N2C5=CC(=C([N+](=O)[O-])[N+](=O)[O-])C=CC5=N3)CCCC4,0
N201268,CCC(C)(C)C1=CC(=C(C=C1)OCCCC[N+]2=CC=CC(=C2C)C)C(C)(C)CC.[Br-],0
N201519,C1CCC2(C(C1)CC3CCCCC3(N2N)C#N)C#N,0
N201565,CC1=CC=C2N1CCN3C2=C(C(=C3C(=O)C)C)C,0
N201572,C/C(=N/O)/C1=NO[N+](=C1/C(=N\O)/C)[O-],0
N201670,CCO/C(=N/C1=C([N+](=NS1)C)C)/[O-],0
N201675,CN(C)N=NC1=CC2=C(C=C1)N=CN2,0
N201856,CC(C(=O)C12CC3CC(C1)CC(C3)C2)OCCN(C)C.Cl,0
N202029,CC1CC(N(C1=C(C#N)C#N)N(C)C)C#N,0
N202101,CNC1=NNC(=S)S1,0
N202180,CC1=NC2=NNC(=C2C3=C1CCCC3)N,0
N202424,C1=CC=C(C=C1)C[N+]2=CN(C=C2)C3=NC4=CC=CC=C4N=C3N=S(=O)(C5=CC=CC(=C5)[N+](=O)[O-])[O-],0
N202472,C1=CSC2=NC(NC(=O)N21)(C(F)(F)F)C(F)(F)F,0
N202717,CCN(CC)CCCN=C(N)N.OS(=O)(=O)O,0
N202948,CN1N=C(N=N1)CC[N+](C)(C)C.COS(=O)(=O)[O-],0
N204019,CCC1=CC=C(C=C1)/C=N\N2C=NN=C2,0
N204085,CC(C)(C)C1=CC(=CC(=C1O)C(C)(C)C)C(=S)NC,0
N204222,CC1(C2CCC(C2)C1(C)N=C3OC(CS3)CCl)C,0
N204311,CSC1=CC=C(C=C1)C2(CC3=CC=CC=[N+]3C2C4=CC=CC=C4)O.[Br-],0
N204414,CC1=NN=C2N1CCCCC2,0
N204523,CCCN1C=CC(=CC=C(C#N)C#N)C=C1,0
N204873,C1C=C(CS1(=O)=O)CSC(=[NH2+])N.[Br-],0
N204966,CC1=CC=[N+]2N1CC(C2)O.[Cl-],0
N205023,CC(C)NCC(=O)C12CC3CC(C1)CC(C3)C2,0
N205032,C1C2CC3CC1CC(C2)C34NC(=O)CS4,0
N205356,CC1(CC(CCO1)(CC=C)/C=N/O)C,0
N206574,CCCCN1CCNC1=S,0
N206596,C/C=C\1/CC(=C)[C@@](C(=O)OCC2=CCN3[C@H]2[C@@H](CC3)OC1=O)(C)O,0
N206702,CC1CC2C3C(CCCC3(C1(CCC4=COC=C4)O)C)(C(=O)O2)C,0
N206721,C[C@H]1CC[C@@H]2[C@H](C1)NCCN2,0
N206747,C1CC[N+]2(C(C1)CCCC2CO)[O-],0
N206805,C1(=C(C2=NNN=C2C(=C1Cl)Cl)Cl)Cl,0
N206862,CC1CC2C3C=C(C4=CC5=C(C[C@@]4(C3C(C[C@@]2([C@]1(C(=O)C)O)C)O)C)C=NN5C6=CC=CC=C6)C,0
N207033,CC1=C/C(=N\N=C\2/C=CN(C=C2C)O)/C=CC1=NC,0
N207058,CCOC1=NSC(=N1)OCC,0
N207122,CC#CC#CC1=CC=CC(=O)O1,0
N207158,CCN1C2=C(C3=CC=CC=C31)C4=C(C=C2)N5C=CC=C5C=N4,0
N207200,C1C2CN=NC2(CN1)C#N,0
N207214,CN1CCN(CC1)C2=NC(=C(C(=N2)Cl)Br)N,0
N207216,C1=NC(=C2C(=N1)[N+](=CC=CCO)C=N2)[NH-],0
N207228,C1CCC2(CC1)C(=S)NC3(N2)CCCCC3,0
N207277,C=CCNC(=S)NCC=C,0
N207316,C1=CN(N=C1)C2=CC(=C(C=C2O)N3C=CC=N3)O,0
N207490,C1=CC2=C(C=CC=C2[As](=O)(O)O)C(=C1)N,0
N208038,C1(=C(NC(=O)NC1=O)C(=O)O)F,0
N208232,C1=CC(=CC=C1N=C(N)N=C(N)N)O,0
N208440,CCN(CC)C1=C(C(=O)C(C12OCCO2)Cl)Cl,0
N208590,C/C(=C\C1=CC=CC=C1)/C=N/NC2=NN3C=NN=C3C=C2,0
N208960,CC(C)C1=NC(=C(O1)NN)C#N,0
N209029,C(C1=NC2=C(N1)N=C(C(=N2)Cl)Cl)O,0
N209509,CCC/C(=C\1/C(=N)CC(CC1=O)CC(C)SCC)/O,0
N209579,CC1(CC2CC(C1)(CN2/C=N/C3=C(C4=C(S3)C(NC(C4)(C)C)(C)C)C#N)C)C,0
N209693,CC1CC(=CC(C1/C=N/N=C(N)N)C)C.CC(=O)O,0
N210742,C1=CC(=C([NH+]=C1)CSC(=[NH2+])N)O.[Cl-],0
N210869,CCCN1C(C(SC1=S)(C)C)/[N+](=C/C2=CC=C(C=C2)S(=O)(=O)NC)/[O-],0
N211019,CC1(C(SC(=S)N1C)/[N+](=C/C2=C(C=CC=C2Cl)F)/[O-])C,0
N211172,C1=CC2=C(C=C1[O-])OC3=CC(=O)C=CC3=[N+]2[O-].[Na+],0
N211369,C1[C@H](C(=O)NO1)N,0
N211390,CN[C@@H]1C[C@H](C2=CC=CC=C12)C3=CC(=C(C=C3)Cl)Cl.Cl,0
N211446,CN1C(=O)COC2=C(C=C(C=C21)Cl)C(=O)NC3CN4CCC3CC4.Cl,0
N211455,C1=CC=C(C=C1)CCCCOCCCCCCNCC(C2=CC(=C(C=C2)O)CO)O,0
N211466,CC(C)[C@@]12[C@@H](O1)[C@H]3[C@@]4(O3)[C@]5(CCC6=C([C@@H]5C[C@H]7[C@]4([C@@H]2O)O7)COC6=O)C,0
N211479,C[C@H]1C=CC=C(C(=O)NC2=C(C3=C(C4=C(C(=C3O)C)O[C@@](C4=O)(OC=C[C@@H]([C@H]([C@H]([C@@H]([C@@H]([C@@H]([C@H]1O)C)O)C)OC(=O)C)C)OC)C)C5=C2N6C=CC(=CC6=N5)C)O)C,0
N211486,C[C@H]1C=CC=C(C(=O)NC2=C(C(=C3C(=C2O)C(=C(C4=C3C(=O)[C@](O4)(OC=C[C@@H]([C@H]([C@H]([C@@H]([C@@H]([C@@H]([C@H]1O)C)O)C)OC(=O)C)C)OC)C)C)O)O)C=NN5CCN(CC5)C6CCCC6)C,0
N211517,C1[C@@H]([C@H]([C@@H]([C@H](N1CCO)CO)O)O)O,0
N211518,CC[C@@H]1[C@@]([C@@H]([C@H](C(=O)[C@@H](C[C@@]([C@@H]([C@H]([C@@H]([C@H](C(=O)O1)C)O[C@H]2C[C@@]([C@H]([C@@H](O2)C)O)(C)OC)C)O[C@H]3[C@@H]([C@H](C[C@H](O3)C)N(C)C)O)(C)OC)C)C)O)(C)O,0
N211919,C(#N)C1=C(C(=C(C(=N1)Cl)Cl)NN)Cl,0
N212057,C[N+]1=C2C=CC=CC=C2SC13C(=CC(=[N+]([O-])[O-])C=C3[N+](=O)[O-])[N+](=O)[O-],0
N212080,C1=CC2=C(C=C1Br)C3C(C(SC4=C3SC(=O)N4)C(=O)O)C(=O)O2,0
N212223,CC\1=C(C(=O)N(C(=O)/C1=C\C2=CC=CO2)C3CCS(=O)(=O)C3)C#N,0
N212268,CN1C2([N+](=C3C1=CC=CC=C3)C)/C(=[N+](\[O-])/[O-])/C=C(C=C2[N+](=O)[O-])[N+](=O)[O-],0
N213549,C1CC2CC1CC2NC(=S)NNC(=S)NC3CC4CC3C=C4,0
N213570,C1=CSC=C1C2=NC(=NO2)COC3=C(C=C(C=C3Cl)F)Cl,0
N213950,CS(=O)(=O)C1=C2C(=C(S1)C#N)CC(CC2=O)C3=CC=CC=C3,0
N214008,C1CN(N=C1C2=CC=C(S2)Cl)CCC(=O)C3=CC=C(S3)Cl,0
N215064,CC1=CC=C(C2=CC=CC=C12)S(=O)(=O)N3C4=C(C(=CC=C4)F)C(=N3)N5C(=CC=C5C)C,0
N215503,COC1=C(C(=C2CC3=CC=CC=C3C2=N1)C4=CC(=CS4)Br)C#N,0
N215648,CC1=C(SN=N1)C2=C(C(=NO2)C)C(=O)ON=C(C)C,0
N216064,C1CC1CN2CN(C(=S)SC2)CC3CC3,0
N216343,CC1=CC(=O)NN(C1=O)CCO,0
N216344,CSCC(CN1C(=O)C2=CC(=C(C=C2C(=O)N1)Cl)Cl)O,0
N217319,CCC(CC)(C#C)NC(=O)/C=C/C(=O)O,0
N217722,CCCNC1=C(C(=O)C2=C(C1=O)C([C@]3(N2CC4C3N4)OC)COC(=O)N)C,0
N217736,CC1=C(C(=O)C2=C(C1=O)N3CC4C(C3(C2COC(=O)N)OC)N4C)N,0
N217752,C1/C(=C\OCCCO/C=C\2/C(=O)OCC2)/C(=O)OC1,0
N217753,COC1=C2C(=C(C=C1)O)C(=O)C3=C(C=C4C(=C3O2)C5C=COC5O4)OC,0
N217766,CC1(C(=O)C=C2C=C(N(C=C2C1=O)C3=CC=C(C=C3)CO)/C=C/COC)OC(=O)C4=NC5=CC=CC=C5N=C4,0
N220258,CC1CCCCC1NC2CCN(CC2)C,0
N220770,CN1C(=O)/C(=C\C2=CC=C(C=C2)N(C)C)/OC1=S,0
N221173,CC1=NC(=NC=C1)NS(=O)(=O)C2=CC3=CC=CC=C3C=C2,0
N221281,CC1=C(C(=C(C=C1)S(=O)(=O)NC2=CC3=C(C=C2)OCCO3)C)NS(=O)(=O)C,0
N222264,C1=CC=C(C=C1)NN=NC2=CC=C(C=C2)Br,0
N222651,CC1=CC(=CC(=C1O)Br)/C(=C/2\C=C(C(=O)C(=C2)Br)C)/C3=CC=CC=C3S(=O)(=O)O,0
N222722,CC(C)C1=CC=C(C=C1)N2C(=O)C3C4CCC(C3C2=O)C=C4,0
N222998,CC1(C(=O)/C(=C\O)/C2=C(O1)C=CC3=C2OC(=O)C=C3)C,0
N223371,CC1=C/C(=C(\C2=CC(=C(C=C2)O)C)/C3=CC=CC=C3S(=O)(=O)O)/C=CC1=O,0
N224491,CC(C)(C)C1=CC(=CC(=C1O)C(C)(C)C)C(=O)CN2C=C[N+](=C2)C.[Br-],0
N226264,CC1=CC2=C(C=C1)N=C(N2)C3CCCCC3,0
N227586,C1=CN=C(N=C1)NS(=O)(=O)C2=CC=C(C=C2)Cl,0
N227605,COCCCN1C(=O)C2=C(C=CS2)N(C1=O)CC3=CC=C(C=C3)C=C,0
N228265,CC(C(=O)C12CC3CC(C1)CC(C3)C2)N4CCOCC4.Cl,0
N229329,CC1=CC2=C(C=C1)N3C(=NN=N3)C(=C2)CN(CC(C)(C)CN(C)C)C(=S)NC,0
N229760,C1CCCCCC2=C(CCCC1)C=CC(=O)N2,0
N231446,C[C@]12CCC(=O)C=C1CC[C@@H]3C2CC[C@]4(C3CCC4=O)C,0
N231633,CC1CN(CC(O1)C)C2=C(C(=O)N(N=C2)C(C)C)Cl,0
N231871,C1=CC=C(C(=C1)C(=O)CN2C=NC=N2)Br,0
N232091,C1CCC(=NCC1)NC2=CC=C(C=C2)SC(F)F.Cl,0
N232129,CC1CC2(CCCC2)NC3=C1C=C(C=C3)F.Cl,0
N232373,C1C[C@@H]2[C@H]3CCC[N+]4([C@H]3[C@@H](CCC4)CN2C(=O)C1)[O-],0
N232444,CC(C)CNCC1[C@H]2CC3C(=C)CCC[C@@]3(C[C@H]2OC1=O)C,0
N232490,C1CN2C(=CSC2=N1)C3=CC(=C(C=C3)O)O.Cl,0
N232505,CC[C@H]([C@@H]1[C@H](C[C@@](O1)(CC)[C@H]2CC[C@@]([C@@H](O2)C)(CC)O)C)C(=O)[C@@H](C)[C@H]([C@H](C)CCC3=C(C(=C(C=C3)C)O)C(=O)[O-])O.[Na+],0
N232572,C[C@H]1CCC2[C@@]([C@@]13CCC(O3)(CCO)CO)(CC[C@@H]([C@@]2(C)CO)O)C,0
N232595,CCN1C[C@@]2(CC[C@@H]([C@@]34C2[C@@H]([C@@](C31)([C@]5(C[C@@H]([C@H]6C[C@@H]4[C@@H]5[C@H]6OC)OC)O)O)OC)OC)CO,0
N232882,CC1=C(C(=C2C(=C1O)[C@@]3(C(=CC(=O)C(C3=O)C(=O)C)O2)C)C(=O)C)O,0
N232887,C[N+]1([C@@H]2CC(C[C@H]1C(C2)O)OC(=O)C(CO)C3=CC=CC=C3)CC#C.[Br-],0
N232953,C[C@@H]1CC(=O)[C@]2([C@@H](O1)O[C@@H]3[C@H]([C@@H]([C@@H]([C@@H]([C@H]3O2)NC)O)NC)O)O.O.Cl,0
N233033,CC1=CC=CC=C1CSC2=NN=C(N2C)C3=CC=NC=C3,0
N233072,CCCCN(C)CC1=CC(=O)OC2=C1C3=CC=CC=C3C=C2,0
N233121,C[C@@H]1CN(C[C@@H](N1)C)C2=C(C3=C(C(=C2F)F)C(=O)C(=CN3C4CC4)C(=O)O)F,0
N233261,C1C(N(N=C1C2=CC=CC=C2)C(=O)C3=CC=CC=C3)C4=CC=CC=C4,0
N234325,CC(CCC(=O)O)C1CCC2C1(C(=O)CC3C2CCC4C3(CC[C@H](C4)O)C)C,0
N234891,CC(C)[C@H]1C(=O)O[C@@H]2CCN3[C@@H]2C(=CC3)COC(=O)[C@]([C@]1(C)O)(C)O,0
N234899,C1=CC(=CC=C1C(=C(Cl)Cl)C2=CC=C(C=C2)O)O,0
N235411,CC1=C(C(=O)N(N1)C(=S)N)N=NC2=C(C=CC(=C2)C(F)(F)F)Cl,0
N235923,CCCCC1=NC(=C(N1CC2=CC=C(C=C2)C3=CC=CC=C3C4=N[N-]N=N4)CO)Cl.[K+],0
N235986,CC1C(=O)N(C2=CC=CC=C2O1)CC3=CC=C(C=C3)F,0
N236116,CC(C)N1C2=CC=CC=C2C(=C1/C=C/[C@H](C[C@H](CC(=O)[O-])O)O)C3=CC=C(C=C3)F.[Na+],0
N236769,CC1=CC2=C(C(=C1)Br)NC(=O)C23OCCO3,0
N237484,CN1C(=NN=C1SCC2=CC(=CC=C2)F)C3=CC=NC=C3,0
N239539,CCN1C[C@@]2(CC[C@@H]([C@]34[C@H]1[C@]5([C@H](C23)OC(=O)C)[C@]6(C[C@@H]([C@H]7C[C@@]4(C6[C@H]7OC)O)OC)OCO5)OC)C,0
N239812,C[C@@H]1CC2C3[C@@]([C@]1(CCC4=COC=C4)O)(CCC(=O)[C@@]3(C(=O)O2)C)C,0
N240204,CC1=CC(=CC(=C1O)Br)/C(=C\2/C=C(C(=O)C(=C2)Br)C)/C3=CC=CC=C3S(=O)(=O)[O-].[NH4+],0
N240558,C[C@@H]1C[C@@](C(=O)OC2CCN(C/C=C(\C2=O)/COC(=O)[C@@]1(C)OC(=O)C)C)(C(C)O)O,0
N241647,CN1C(=C(C(=O)N(C1=O)C)C=NC2=CC=CC=C2)O,0
N244031,C1CC2=C(C(NC(=O)N2)C3=CC=C(C=C3)OC(F)F)C(=O)C1,0
N244376,C=CCC1C2CCCCC2OS(=O)(=O)N1,0
N244383,COCC1CCCCC1OS(=O)(=O)N,0
N244477,CN(C)C1=CC(=C(C=C1)C2C3CC(C2(C#N)C(=O)O)C=C3)Br,0
N244534,C(=C(Br)Br)C(=O)O,0
N244591,C1C=CC(OC1CCC2=CC=CC=C2)C3=CC4=CC=CC=C4O3,0
N244751,CC(C)[C@H]1COC(=N1)NC2=N[C@H](CO2)C(C)C,0
N245538,CC1C(=NN2C(=NN=C2S1)C)C3=C(C=C(C(=C3)C)C)C,0
N246541,C1=CC=C2C(=C1)C(=CN2)C3=NNC(=S)O3,0
N246781,C1C(OC(C1N=[N+]=[N-])N2C=CC(=O)NC2=O)CO,0
N247314,COCCCN(CC1=CC=CO1)C(=O)C2=CC3=C(S2)C4=C(C=C(C=C4)Cl)S(=O)(=O)C3,0
N248607,C1C(C(NS(=O)(=O)O1)/C=C\CCN=[N+]=[N-])O,0
N248665,CC(C)C(COC)COS(=O)(=O)N,0
N248683,CC(C)(COC)COS(=O)(=O)N,0
N249528,C1=CC=C(C(=C1)C2N=C(N=C(N2C3=CC(=C(C=C3)F)Cl)N)N)C(F)(F)F.Cl,0
N249715,C1=CC=C2C(=C1)C(C(=O)N2)C(C[N+](=O)[O-])C3=CC=CC=N3,0
N251006,C1C[C@H](O[C@H]1CN2C=C(N=N2)CCCCl)[C@@H]3CC[C@@H](O3)CN4C=C(N=N4)CCCCl,0
N251106,CC1CCC(=O)N(CC1)CCC#N,0
N251142,C[C@@H](CN=[N+]=[N-])CN1CC[C@@H](CCC1=O)C(C)(C)C,0
N252581,CC1CCC(CC1)NC(=O)CCCCN2C(=O)C3=C(C=CS3)NC2=O,0
N255613,C[Si](C)(C)N1C=CN=C1,0
N256154,C1CC2(CCN(C2)C(=O)C3=COC=C3)CN(C1)CC4=CC(=C(C=C4)F)F,0
N257206,CC1=C2[C@H](C(=O)[C@@]3([C@@H](C[C@@H]4[C@](C3[C@@H]([C@@](C2(C)C)(C[C@@H]1OC(=O)[C@@H]([C@H](C5=CC=CC=C5)NC(=O)C6=CC=CC=C6)O)O)OC(=O)C7=CC=CC=C7)(CO4)OC(=O)C)O)C)OC(=O)C,0
N257213,CC1=C2[C@H](C(=O)[C@@]3([C@H](C[C@@H]4[C@](C3[C@@H]([C@@](C2(C)C)(C[C@@H]1OC(=O)[C@@H]([C@H](C5=CC=CC=C5)NC(=O)CC6=CC=CC=C6)O)O)OC(=O)C7=CC=CC=C7)(CO4)OC(=O)C)O)C)OC(=O)C,0
N258893,C1CNCCC1C2=C(C=NN2C3=CC(=CC=C3)F)C(=O)N4CCN(CC4)C(=O)C5=CC=CO5,0
N261308,C1C[C@]2([C@@H]([C@H](C[C@H](O2)CCO)O)O)OC3=CC=CC=C31,0
N261309,C1C[C@@]2([C@@H]([C@H](C[C@H](O2)CCO)O)O)OC3=CC=CC=C31,0
N261637,CC(C)(C)C1=N/C(=C\C2=CC=C(C=C2)N(C)C)/C(=O)O1,0
N261697,C1CC(=O)N(N=C1C(=O)O)C2=C(C(=CC(=C2F)F)F)F,0
N266069,CCC[C@H](CN[C@@H](CNC)[C@H](C)CC)NCCC1=CC(=CC(=C1)C(F)(F)F)C(F)(F)F,0
N266082,CCC[C@@H](CN[C@@H](CNC)[C@H](C)CC)NCC1CCC(CC1)C(C)(C)C,0
N269030,C1CCCC(CC1)N2C(=O)CNC2=S,0
N269083,CC1=CC(=O)N2C(=N1)SC(=N2)N3CCCC(C3)C(=O)NCCC4=CC=C(C=C4)SC,0
N269481,CC1(CC(=NO1)C2=CC=C(C=C2)OC(F)(F)F)C3=NN=C(O3)C4=CC(=CC=C4)Cl,0
N270702,C1CCC(C1)CC2=CN(N=N2)C[C@H]3CC[C@H](O3)[C@@H]4CC[C@@H](O4)CN5C=C(N=N5)CC6CCCC6,0
N270952,CC(C)(C)C1CCC(=O)N(CC1)CCC#N,0
N270971,C1=CC=C(C(=C1)C2=NN=C(O2)COC3=C(C=C(C=C3)F)Cl)Br,0
N271046,CC/C=C/CC(=O)N[C@@H](C1=CC=CC=C1)[C@H](C(=O)O[C@H]2C[C@]3([C@H](C4[C@@]([C@H](C[C@@H]5[C@]4(CO5)OC(=O)C)O)(C(=O)[C@@H](C(=C2C)C3(C)C)OC(=O)C)C)OC(=O)C6=CC=CC=C6)O)O,0
N271372,C1C[C@@H]2CC3=C([C@H]4[C@@H]2N(CC4)C(=O)C1)C5=C(C=CC(=C5N3)Cl)Cl,0
N273000,CC1=CC=C(C=C1)N(C)S(=O)(=O)C2=C(C=CC(=C2)C3=CN=C(O3)C4CC4)C,0
N274400,CCC1COCCS(=O)(=O)N1CC2=CC=C(C=C2)F,0
N276289,CCOC(=O)C1CCCN(C1)C(=O)CCCN2C(=NN=N2)CN3CCC(CC3)C,0
N278324,CC(C1=CC=C(C=C1)N2C=CN=C2)NC(=O)C3=CC(=CC=C3)N(C)C,0
N280896,C1=CC=C2C(=C1)C(=O)NC(=N2)COC3=C(C=C(C=C3)Br)Cl,0
N282427,C1CCCN(CC1)C(=O)NC2=CC=C(C=C2)F,0
N283109,CNC(=O)C1(C/C(=C\CCO)/CCCO1)C(F)(F)F,0
N284638,C1[C@H](O[C@]2(CC3=CC=CC=C3CO2)[C@H]([C@@H]1O)O)CCO,0
N284969,C1=CC=C2C(=C1)C(=C(S2)C3=CSC=C3)C#CCCO,0
N286613,C1CCC(CC1)(C#N)NC(=O)COC(=O)CCCN=C2C3=CC=CC=C3S(=O)(=O)N2,0
N287930,COC1=C(C=CC(=C1)/C=N/NC(=O)C2=CC=NC=C2)O.O,0
N288397,CC1=C(SC=[N+]1CC2=CN=C(N=C2N)C)CCO.[Cl-],0
N288403,C1CC(CCC1NCC2=C(C(=CC(=C2)Br)Br)N)O,0
N288407,C[C@]12CC[C@@H](C[C@@H]1CC[C@@H]3[C@@H]2CC[C@]4([C@H]3CCC4=O)C)O,0
N288515,C1=NC(=C(N1)C(=O)N)N,0
N288631,CC[C@@H]1[C@@]([C@@H]([C@H](C(=NOCOCCOC)[C@@H](C[C@@]([C@@H]([C@H]([C@@H]([C@H](C(=O)O1)C)O[C@H]2C[C@@]([C@H]([C@@H](O2)C)O)(C)OC)C)O[C@H]3[C@@H]([C@H](C[C@H](O3)C)N(C)C)O)(C)O)C)C)O)(C)O,0
N288651,C1CNP(=O)(OC1)N(CCCl)CCCl.O,0
N290348,CC1(CC2=C(CO1)SC3=C2C(=O)N(C(=N3)C4=CC5=CC=CC=C5O4)N)C,0
N290442,CC1=CC=C(N1)C(=O)OC2C(C(OC(C2OC)(C)C)OC3=C(C4=C(C=C3)C(=C(C(=O)O4)NC(=O)C5=CC(=C(C=C5)O)CC=C(C)C)O)Cl)O,0
N290783,COc1ccc2c(O[C@H]3C[C@@H]4C(=O)N(C)CCCC/C=C\[C@H]5C[C@@]5(C(=O)NS(=O)(=O)C5CC5)NC(=O)[C@@H]4C3)cc(-c3nc(C(C)C)cs3)nc2c1C,0
N290805,C/C1=C2/N=C(/C=C3\N=C(/C(C)=C4/[C@@H](CCC(N)=O)[C@](C)(CC(N)=O)[C@](C)([C@@H]5N=C1[C@](C)(CCC(=O)NC[C@@H](C)OP(=O)([O-])O[C@@H]1[C@@H](CO)O[C@H](n6cnc7cc(C)c(C)cc76)[C@@H]1O)[C@H]5CC(N)=O)N4[Co+]C#N)[C@@](C)(CC(N)=O)[C@@H]3CCC(N)=O)C(C)(C)[C@@H]2CCC(N)=O,0
N290820,Brc1c(Br)c(Br)c2[nH]nnc2c1Br,0
N290833,O=c1c(O)cc([C@H]2Oc3cc(O)cc(O)c3C[C@H]2O)cc2c([C@H]3Oc4cc(O)cc(O)c4C[C@H]3O)cc(O)c(O)c12,0
N290840,OCCc1cnc(S)nc1,0
N290846,CN[C@H](CC(C)C)C(=O)N[C@H]1C(=O)N[C@@H](CC(N)=O)C(=O)N[C@H]2C(=O)N[C@H]3C(=O)N[C@H](C(=O)N[C@H](C(=O)O)c4cc(O)cc(O)c4-c4cc3ccc4O)[C@H](O[C@H]3C[C@](C)(N)[C@@H](O)[C@H](C)O3)c3ccc(c(Cl)c3)Oc3cc2cc(c3O[C@@H]2O[C@H](CO)[C@@H](O)[C@H](O)[C@H]2O[C@H]2C[C@](C)(NCc3ccc(-c4ccc(Cl)cc4)cc3)[C@@H](O)[C@H](C)O2)Oc2ccc(cc2Cl)[C@H]1O.O=P(O)(O)O.O=P(O)(O)O,0
N290907,CCC[C@H](NC(=O)[C@@H]1[C@H]2CCC[C@H]2CN1C(=O)[C@@H](NC(=O)[C@@H](NC(=O)c1cnccn1)C1CCCCC1)C(C)(C)C)C(=O)C(=O)NC1CC1,0
N290954,CC(C)C[C@@H]1NC(=O)[C@H](C(C)C)NC(=O)[C@H](C(C)C)NC(=O)[C@@H]2CSC(=N2)c2cc(ccn2)C[C@@H](C(N)=O)NC(=O)[C@H](CCC(N)=O)NC1=O,0
N290970,CC[C@@H]1NC(=O)[C@@H](N)CCNC(=O)[C@@H]2CSC(=N2)c2cccc(n2)C2=N[C@@H](CS2)C(=O)NCCCC[C@@H](C(N)=O)NC(=O)[C@H](CCC(N)=O)NC(=O)[C@H](CC(C)C)NC(=O)[C@H](C(C)(C)C)NC1=O,0
N291095,O=Cc1ccc(CO)o1,0
N291099,C=C1CCC[C@]2(C)C[C@@H]3OC(=O)C(C)=C3C[C@@H]12,0
N291106,C=C1CCC[C@]2(C)Cc3occ(C)c3C[C@@H]12,0
N291124,CC1(C)[C@@H](O[C@H]2O[C@H](C(=O)O)[C@@H](O)[C@H](O)[C@H]2O[C@@H]2O[C@H](C(=O)O)[C@@H](O)[C@H](O)[C@H]2O)CC[C@@]2(C)[C@H]1CC[C@]1(C)[C@@H]2C(=O)C=C2[C@@H]3C[C@@](C)(C(=O)O)CC[C@]3(C)CC[C@]21C,0
N291138,C=CC(C)(O)CCC=C(C)C,0
N291148,COc1cc(O[C@@H]2O[C@H](CO)[C@@H](O)[C@H](O)[C@H]2O)c2c(c1)C(=O)c1cc(C)cc(O)c1C2=O,0
N291160,C=CCN1C[C@H](C(=O)N(CCCN(C)C)C(=O)NCC)CC2c3cccc4[nH]cc(c34)C[C@H]21,0
N291185,C[C@@H]1C(=O)O[C@@H]2[C@]1([C@@]34C(=O)O[C@H]5[C@]3([C@H]2O)[C@@]6([C@@H]([C@H]5O)C(C)(C)C)[C@H](C(=O)O[C@H]6O4)O)O,0
N291196,C1=C(C=C(C=C1O)OC2=C(C=C(C3=C2OC4=C(C=C(C=C4O3)OC5=C(C=C(C=C5O)O)O)O)O)O)O,0
N291197,C1=C(C=C(C=C1O)OC2=C(C=C(C3=C2OC4=C(C=C(C=C4O3)OC5=C(C=C(C=C5O)OC6=C(C=C(C7=C6OC8=C(C=C(C=C8O7)O)O)O)O)O)O)O)O)O,0
